Date,Location,Gear,Treatment,Cage,Bag,Oyster,Height,Length,Width,Cup.ratio,Shell.shape
6/14/22,Inside,BP,BPi,,,1,41,29,11,0.27,0.62
6/14/22,Inside,BP,BPi,,,2,53,37,15,0.28,0.48
6/14/22,Inside,BP,BPi,,,3,50,24,15,0.30,1.76
6/14/22,Inside,BP,BPi,,,4,55,30,15,0.27,1.00
6/14/22,Inside,BP,BPi,,,5,48,31,12,0.25,0.81
6/14/22,Inside,BP,BPi,,,6,51,30,15,0.29,0.38
6/14/22,Inside,BP,BPi,,,7,35,29,11,0.31,0.99
6/14/22,Inside,BP,BPi,,,8,34,22,10,0.29,0.12
6/14/22,Inside,BP,BPi,,,9,58,39,16,0.28,0.51
6/14/22,Inside,BP,BPi,,,10,52,40,15,0.29,1.02
6/14/22,Inside,BP,BPi,,,11,49,24,12,0.24,1.99
6/14/22,Inside,BP,BPi,,,12,28,20,8,0.29,0.29
6/14/22,Inside,BP,BPi,,,13,41,32,15,0.37,0.45
6/14/22,Inside,BP,BPi,,,14,32,25,15,0.47,1.24
6/14/22,Inside,BP,BPi,,,15,70,41,15,0.21,2.52
6/14/22,Inside,BP,BPi,,,16,55,43,16,0.29,1.20
6/14/22,Inside,BP,BPi,,,17,38,27,10,0.26,0.67
6/14/22,Inside,BP,BPi,,,18,40,30,11,0.28,0.80
6/14/22,Inside,BP,BPi,,,19,44,29,12,0.27,0.40
6/14/22,Inside,BP,BPi,,,20,50,30,11,0.22,1.59
6/14/22,Inside,BP,BPi,,,21,53,36,15,0.28,0.38
6/14/22,Inside,BP,BPi,,,22,58,37,14,0.24,1.19
6/14/22,Inside,BP,BPi,,,23,42,34,14,0.33,0.80
6/14/22,Inside,BP,BPi,,,24,45,29,13,0.29,0.21
6/14/22,Inside,BP,BPi,,,25,65,39,16,0.25,1.24
6/14/22,Inside,BP,BPi,,,26,28,25,9,0.32,1.37
6/14/22,Inside,BP,BPi,,,27,34,26,9,0.26,0.94
6/14/22,Inside,BP,BPi,,,28,46,40,12,0.26,2.98
6/14/22,Inside,BP,BPi,,,29,42,34,13,0.31,1.00
6/14/22,Inside,BP,BPi,,,30,46,29,9,0.20,2.20
6/14/22,Inside,BP,BPi,,,31,70,43,11,0.16,5.62
6/14/22,Inside,BP,BPi,,,32,37,23,10,0.27,0.36
6/14/22,Inside,BP,BPi,,,33,53,39,13,0.25,1.62
6/14/22,Inside,BP,BPi,,,34,56,37,14,0.25,0.99
6/14/22,Inside,BP,BPi,,,35,57,31,11,0.19,3.09
6/14/22,Inside,BP,BPi,,,36,38,26,9,0.24,1.00
6/14/22,Inside,BP,BPi,,,37,37,22,9,0.24,0.76
6/14/22,Inside,BP,BPi,,,38,34,27,10,0.29,0.82
6/14/22,Inside,BP,BPi,,,39,60,35,18,0.30,0.44
6/14/22,Inside,BP,BPi,,,40,47,25,12,0.26,1.20
6/14/22,Inside,BP,BPi,,,41,47,23,12,0.26,1.77
6/14/22,Inside,BP,BPi,,,42,53,32,16,0.30,0.25
6/14/22,Inside,BP,BPi,,,43,49,30,12,0.24,0.93
6/14/22,Inside,BP,BPi,,,44,61,36,16,0.26,0.86
6/14/22,Inside,BP,BPi,,,45,47,35,13,0.28,0.86
6/14/22,Inside,BP,BPi,,,46,67,48,19,0.28,0.75
6/14/22,Inside,BP,BPi,,,47,38,20,17,0.45,2.63
6/14/22,Inside,BP,BPi,,,48,38,29,9,0.24,1.59
6/14/22,Inside,BP,BPi,,,49,55,41,20,0.36,0.32
6/14/22,Inside,BP,BPi,,,50,40,29,10,0.25,1.04
6/14/22,Inside,BP,BPi,,,51,66,40,17,0.26,0.95
6/14/22,Inside,BP,BPi,,,52,35,24,8,0.23,1.09
6/14/22,Inside,BP,BPi,,,53,65,36,14,0.22,2.51
6/14/22,Inside,BP,BPi,,,54,46,36,14,0.30,0.83
6/14/22,Inside,BP,BPi,,,55,55,34,13,0.24,1.25
6/14/22,Inside,BP,BPi,,,56,42,27,11,0.26,0.51
6/14/22,Inside,BP,BPi,,,57,62,39,16,0.26,0.84
6/14/22,Inside,BP,BPi,,,58,54,32,13,0.24,1.18
6/14/22,Inside,BP,BPi,,,59,27,20,9,0.33,0.14
6/14/22,Inside,BP,BPi,,,60,45,34,13,0.29,0.74
6/14/22,Inside,BP,BPi,,,61,38,24,7,0.18,2.16
6/14/22,Inside,BP,BPi,,,62,35,25,10,0.29,0.36
6/14/22,Inside,BP,BPi,,,63,57,30,14,0.25,1.71
6/14/22,Inside,BP,BPi,,,64,44,32,13,0.30,0.42
6/14/22,Inside,BP,BPi,,,65,25,20,7,0.28,0.77
6/14/22,Inside,BP,BPi,,,66,30,23,8,0.27,0.82
6/14/22,Inside,BP,BPi,,,67,50,39,14,0.28,1.26
6/14/22,Inside,BP,BPi,,,68,45,33,16,0.36,0.18
6/14/22,Inside,BP,BPi,,,69,51,29,14,0.27,0.69
6/14/22,Inside,BP,BPi,,,70,32,23,8,0.25,0.79
6/14/22,Inside,BP,BPi,,,71,29,19,8,0.28,0.23
6/14/22,Inside,BP,BPi,,,72,55,34,11,0.20,2.44
6/14/22,Inside,BP,BPi,,,73,52,34,14,0.27,0.52
6/14/22,Inside,BP,BPi,,,74,47,35,11,0.23,1.83
6/14/22,Inside,BP,BPi,,,75,35,28,9,0.26,1.44
6/14/22,Inside,BP,BPi,,,76,60,36,13,0.22,2.03
6/14/22,Inside,BP,BPi,,,77,42,29,10,0.24,1.11
6/14/22,Inside,BP,BPi,,,78,64,36,18,0.28,0.85
6/14/22,Inside,BP,BPi,,,79,60,26,14,0.23,4.04
6/14/22,Inside,BP,BPi,,,80,54,35,13,0.24,1.15
6/14/22,Inside,BP,BPi,,,81,60,32,17,0.28,1.15
6/14/22,Inside,BP,BPi,,,82,56,32,16,0.29,0.62
6/14/22,Inside,BP,BPi,,,83,29,25,9,0.31,1.17
6/14/22,Inside,BP,BPi,,,84,37,25,8,0.22,1.39
6/14/22,Inside,BP,BPi,,,85,37,28,10,0.27,0.87
6/14/22,Inside,BP,BPi,,,86,35,25,10,0.29,0.36
6/14/22,Inside,BP,BPi,,,87,50,38,15,0.30,0.71
6/14/22,Inside,BP,BPi,,,88,31,19,9,0.29,0.17
6/14/22,Inside,BP,BPi,,,89,35,23,9,0.26,0.51
6/14/22,Inside,BP,BPi,,,90,39,30,12,0.31,0.56
6/14/22,Inside,BP,BPi,,,91,30,25,9,0.30,1.02
6/14/22,Inside,BP,BPi,,,92,50,37,11,0.22,2.34
6/14/22,Inside,BP,BPi,,,93,40,24,10,0.25,0.70
6/14/22,Inside,BP,BPi,,,94,25,19,6,0.24,0.98
6/14/22,Inside,BP,BPi,,,95,27,21,7,0.26,0.91
6/14/22,Inside,BP,BPi,,,96,48,40,12,0.25,2.72
6/14/22,Outside,BP,BPo,,,1,50,34,11,0.22,1.78
6/14/22,Outside,BP,BPo,,,2,31,27,8,0.26,2.08
6/14/22,Outside,BP,BPo,,,3,50,27,11,0.22,1.92
6/14/22,Outside,BP,BPo,,,4,44,30,8,0.18,2.83
6/14/22,Outside,BP,BPo,,,5,52,38,19,0.37,0.23
6/14/22,Outside,BP,BPo,,,6,55,35,11,0.20,2.48
6/14/22,Outside,BP,BPo,,,7,52,33,14,0.27,0.51
6/14/22,Outside,BP,BPo,,,8,45,29,8,0.18,2.84
6/14/22,Outside,BP,BPo,,,9,64,36,14,0.22,2.28
6/14/22,Outside,BP,BPo,,,10,45,30,10,0.22,1.47
6/14/22,Outside,BP,BPo,,,11,28,29,10,0.36,3.01
6/14/22,Outside,BP,BPo,,,12,40,29,8,0.20,2.31
6/14/22,Outside,BP,BPo,,,13,39,26,8,0.21,1.71
6/14/22,Outside,BP,BPo,,,14,40,26,10,0.25,0.68
6/14/22,Outside,BP,BPo,,,15,42,27,12,0.29,0.22
6/14/22,Outside,BP,BPo,,,16,37,26,8,0.22,1.54
6/14/22,Outside,BP,BPo,,,17,41,30,12,0.29,0.45
6/14/22,Outside,BP,BPo,,,18,40,24,8,0.20,1.78
6/14/22,Outside,BP,BPo,,,19,38,24,8,0.21,1.43
6/14/22,Outside,BP,BPo,,,20,34,38,11,0.32,5.80
6/14/22,Outside,BP,BPo,,,21,65,41,14,0.22,2.24
6/14/22,Outside,BP,BPo,,,22,37,26,9,0.24,0.94
6/14/22,Outside,BP,BPo,,,23,48,32,9,0.19,2.75
6/14/22,Outside,BP,BPo,,,24,40,30,10,0.25,1.25
6/14/22,Outside,BP,BPo,,,25,42,27,15,0.36,0.11
6/14/22,Outside,BP,BPo,,,26,42,27,9,0.21,1.50
6/14/22,Outside,BP,BPo,,,27,37,21,9,0.24,0.87
6/14/22,Outside,BP,BPo,,,28,54,36,13,0.24,1.21
6/14/22,Outside,BP,BPo,,,29,28,28,10,0.36,2.48
6/14/22,Outside,BP,BPo,,,30,39,28,8,0.21,2.04
6/14/22,Outside,BP,BPo,,,31,41,27,10,0.24,0.83
6/14/22,Outside,BP,BPo,,,32,51,35,12,0.24,1.40
6/14/22,Outside,BP,BPo,,,33,39,27,8,0.21,1.85
6/14/22,Outside,BP,BPo,,,34,65,40,15,0.23,1.67
6/14/22,Outside,BP,BPo,,,35,57,31,19,0.33,0.92
6/14/22,Outside,BP,BPo,,,36,58,35,15,0.26,0.82
6/14/22,Outside,BP,BPo,,,37,45,26,10,0.22,1.44
6/14/22,Outside,BP,BPo,,,38,62,40,15,0.24,1.27
6/14/22,Outside,BP,BPo,,,39,36,25,7,0.19,2.01
6/14/22,Outside,BP,BPo,,,40,41,33,14,0.34,0.69
6/14/22,Outside,BP,BPo,,,41,52,41,13,0.25,2.16
6/14/22,Outside,BP,BPo,,,42,44,27,9,0.20,1.81
6/14/22,Outside,BP,BPo,,,43,62,36,17,0.27,0.74
6/14/22,Outside,BP,BPo,,,44,40,28,13,0.33,0.06
6/14/22,Outside,BP,BPo,,,45,40,25,14,0.35,0.13
6/14/22,Outside,BP,BPo,,,46,47,30,11,0.23,1.14
6/14/22,Outside,BP,BPo,,,47,36,25,9,0.25,0.76
6/14/22,Outside,BP,BPo,,,48,49,32,15,0.31,0.08
6/14/22,Outside,BP,BPo,,,49,52,38,14,0.27,0.96
6/14/22,Outside,BP,BPo,,,50,44,30,11,0.25,0.86
6/14/22,Outside,BP,BPo,,,51,37,25,9,0.24,0.82
6/14/22,Outside,BP,BPo,,,52,59,31,12,0.20,2.99
6/14/22,Outside,BP,BPo,,,53,52,34,12,0.23,1.39
6/14/22,Outside,BP,BPo,,,54,53,33,12,0.23,1.48
6/14/22,Outside,BP,BPo,,,55,32,23,8,0.25,0.79
6/14/22,Outside,BP,BPo,,,56,42,29,11,0.26,0.65
6/14/22,Outside,BP,BPo,,,57,60,34,13,0.22,2.18
6/14/22,Outside,BP,BPo,,,58,59,40,15,0.25,1.02
6/14/22,Outside,BP,BPo,,,59,47,30,10,0.21,1.71
6/14/22,Outside,BP,BPo,,,60,52,32,10,0.19,2.60
6/14/22,Outside,BP,BPo,,,61,54,29,12,0.22,2.04
6/14/22,Outside,BP,BPo,,,62,51,39,12,0.24,2.21
6/14/22,Outside,BP,BPo,,,63,66,37,15,0.23,2.08
6/14/22,Outside,BP,BPo,,,64,62,33,12,0.19,3.46
6/14/22,Outside,BP,BPo,,,65,48,27,11,0.23,1.45
6/14/22,Outside,BP,BPo,,,66,52,36,13,0.25,1.08
6/14/22,Outside,BP,BPo,,,67,43,26,10,0.23,1.08
6/14/22,Outside,BP,BPo,,,68,43,21,10,0.23,1.96
6/14/22,Outside,BP,BPo,,,69,34,21,8,0.24,0.79
6/14/22,Outside,BP,BPo,,,70,33,21,7,0.21,1.21
6/14/22,Outside,BP,BPo,,,71,27,20,5,0.19,2.00
6/14/22,Outside,BP,BPo,,,72,38,28,12,0.32,0.26
6/14/22,Outside,BP,BPo,,,73,24,30,10,0.42,5.56
6/14/22,Outside,BP,BPo,,,74,25,22,6,0.24,2.06
6/14/22,Outside,BP,BPo,,,75,26,21,7,0.27,0.98
6/14/22,Outside,BP,BPo,,,76,44,32,12,0.27,0.73
6/14/22,Outside,BP,BPo,,,77,68,34,17,0.25,2.43
6/14/22,Outside,BP,BPo,,,78,68,39,16,0.24,1.77
6/14/22,Outside,BP,BPo,,,79,32,21,9,0.28,0.21
6/14/22,Outside,BP,BPo,,,80,42,31,10,0.24,1.47
6/14/22,Outside,BP,BPo,,,81,37,30,10,0.27,1.42
6/14/22,Outside,BP,BPo,,,82,38,26,11,0.29,0.23
6/14/22,Outside,BP,BPo,,,83,50,37,17,0.34,0.24
6/14/22,Outside,BP,BPo,,,84,40,28,11,0.28,0.47
6/14/22,Outside,BP,BPo,,,85,30,21,8,0.27,0.44
6/14/22,Outside,BP,BPo,,,86,47,29,12,0.26,0.69
6/14/22,Outside,BP,BPo,,,87,62,43,15,0.24,1.54
6/14/22,Outside,BP,BPo,,,88,43,30,16,0.37,0.15
6/14/22,Outside,BP,BPo,,,89,52,32,13,0.25,0.88
6/14/22,Outside,BP,BPo,,,90,52,28,14,0.27,1.06
6/14/22,Outside,BP,BPo,,,91,66,35,18,0.27,1.43
6/14/22,Outside,BP,BPo,,,92,31,20,11,0.35,0.06
6/14/22,Outside,BP,BPo,,,93,39,22,9,0.23,1.14
6/14/22,Outside,BP,BPo,,,94,60,35,15,0.25,1.14
6/14/22,Outside,BP,BPo,,,95,31,24,8,0.26,1.03
6/14/22,Outside,BP,BPo,,,96,27,24,12,0.44,1.29
6/14/22,Inside,FB,FBi,,1,1,38,24,8,0.21,1.43
6/14/22,Inside,FB,FBi,,1,2,44,27,11,0.25,0.74
6/14/22,Inside,FB,FBi,,1,3,52,34,11,0.21,1.99
6/14/22,Inside,FB,FBi,,1,4,54,41,12,0.22,2.71
6/14/22,Inside,FB,FBi,,1,5,44,29,12,0.27,0.40
6/14/22,Inside,FB,FBi,,1,6,29,22,12,0.41,0.46
6/14/22,Inside,FB,FBi,,1,7,54,44,20,0.37,0.98
6/14/22,Inside,FB,FBi,,1,8,46,35,12,0.26,1.31
6/14/22,Inside,FB,FBi,,1,9,47,28,10,0.21,1.71
6/14/22,Inside,FB,FBi,,1,10,67,40,18,0.27,0.78
6/14/22,Inside,FB,FBi,,1,11,51,39,11,0.22,2.87
6/14/22,Inside,FB,FBi,,1,12,57,36,13,0.23,1.55
6/14/22,Inside,FB,FBi,,1,13,65,41,13,0.20,2.91
6/14/22,Inside,FB,FBi,,1,14,57,40,20,0.35,0.08
6/14/22,Inside,FB,FBi,,1,15,45,37,11,0.24,2.52
6/14/22,Inside,FB,FBi,,1,16,62,30,12,0.19,4.19
6/14/22,Inside,FB,FBi,,1,17,53,46,20,0.38,1.72
6/14/22,Inside,FB,FBi,,1,18,60,30,15,0.25,2.14
6/14/22,Inside,FB,FBi,,1,19,47,32,11,0.23,1.29
6/14/22,Inside,FB,FBi,,1,20,29,22,12,0.41,0.46
6/14/22,Inside,FB,FBi,,1,21,35,27,10,0.29,0.74
6/14/22,Inside,FB,FBi,,1,22,35,22,9,0.26,0.48
6/14/22,Inside,FB,FBi,,1,23,40,35,10,0.25,2.94
6/14/22,Inside,FB,FBi,,1,24,57,35,10,0.18,3.62
6/14/22,Inside,FB,FBi,,1,25,35,26,10,0.29,0.52
6/14/22,Inside,FB,FBi,,1,26,52,30,13,0.25,1.02
6/14/22,Inside,FB,FBi,,1,27,55,36,10,0.18,3.34
6/14/22,Inside,FB,FBi,,1,28,31,24,11,0.35,0.30
6/14/22,Inside,FB,FBi,,1,29,45,35,15,0.33,0.53
6/14/22,Inside,FB,FBi,,1,30,26,21,6,0.23,1.55
6/14/22,Inside,FB,FBi,,1,31,44,31,11,0.25,0.99
6/14/22,Inside,FB,FBi,,1,32,45,32,10,0.22,1.76
6/14/22,Inside,FB,FBi,,2,33,44,29,11,0.25,0.77
6/14/22,Inside,FB,FBi,,2,34,44,25,11,0.25,0.91
6/14/22,Inside,FB,FBi,,2,35,35,29,9,0.26,1.78
6/14/22,Inside,FB,FBi,,2,36,43,29,12,0.28,0.35
6/14/22,Inside,FB,FBi,,2,37,36,27,11,0.31,0.39
6/14/22,Inside,FB,FBi,,2,38,37,30,11,0.30,1.03
6/14/22,Inside,FB,FBi,,2,39,40,31,10,0.25,1.51
6/14/22,Inside,FB,FBi,,2,40,64,32,14,0.22,3.09
6/14/22,Inside,FB,FBi,,2,41,39,29,10,0.26,1.04
6/14/22,Inside,FB,FBi,,2,42,57,39,14,0.25,1.25
6/14/22,Inside,FB,FBi,,2,43,47,36,15,0.32,0.53
6/14/22,Inside,FB,FBi,,2,44,32,33,9,0.28,4.39
6/14/22,Inside,FB,FBi,,2,45,50,30,15,0.30,0.26
6/14/22,Inside,FB,FBi,,2,46,51,30,14,0.27,0.56
6/14/22,Inside,FB,FBi,,2,47,24,20,6,0.25,1.36
6/14/22,Inside,FB,FBi,,2,48,32,22,7,0.22,1.20
6/14/22,Inside,FB,FBi,,2,49,52,30,10,0.19,2.65
6/14/22,Inside,FB,FBi,,2,50,41,29,12,0.29,0.30
6/14/22,Inside,FB,FBi,,2,51,41,32,9,0.22,2.39
6/14/22,Inside,FB,FBi,,2,52,39,29,11,0.28,0.63
6/14/22,Inside,FB,FBi,,2,53,64,39,18,0.28,0.48
6/14/22,Inside,FB,FBi,,2,54,53,29,11,0.21,2.34
6/14/22,Inside,FB,FBi,,2,55,62,47,16,0.26,1.81
6/14/22,Inside,FB,FBi,,2,56,44,30,10,0.23,1.38
6/14/22,Inside,FB,FBi,,2,57,54,34,14,0.26,0.71
6/14/22,Inside,FB,FBi,,2,58,69,40,24,0.35,0.67
6/14/22,Inside,FB,FBi,,2,59,31,25,8,0.26,1.33
6/14/22,Inside,FB,FBi,,2,60,62,37,19,0.31,0.31
6/14/22,Inside,FB,FBi,,2,61,32,19,10,0.31,0.16
6/14/22,Inside,FB,FBi,,2,62,63,30,18,0.29,2.35
6/14/22,Inside,FB,FBi,,2,63,40,29,10,0.25,1.04
6/14/22,Inside,FB,FBi,,2,64,52,34,14,0.27,0.52
6/14/22,Inside,FB,FBi,,3,65,25,19,6,0.24,0.98
6/14/22,Inside,FB,FBi,,3,66,49,39,15,0.31,1.03
6/14/22,Inside,FB,FBi,,3,67,37,24,12,0.32,0.01
6/14/22,Inside,FB,FBi,,3,68,30,16,7,0.23,1.00
6/14/22,Inside,FB,FBi,,3,69,29,18,10,0.34,0.09
6/14/22,Inside,FB,FBi,,3,70,32,26,9,0.28,1.09
6/14/22,Inside,FB,FBi,,3,71,49,30,13,0.27,0.57
6/14/22,Inside,FB,FBi,,3,72,31,23,8,0.26,0.79
6/14/22,Inside,FB,FBi,,3,73,60,30,15,0.25,2.14
6/14/22,Inside,FB,FBi,,3,74,32,19,8,0.25,0.58
6/14/22,Inside,FB,FBi,,3,75,59,38,16,0.27,0.54
6/14/22,Inside,FB,FBi,,3,76,42,23,10,0.24,1.20
6/14/22,Inside,FB,FBi,,3,77,60,40,16,0.27,0.69
6/14/22,Inside,FB,FBi,,3,78,40,32,11,0.28,1.31
6/14/22,Inside,FB,FBi,,3,79,25,27,7,0.28,4.24
6/14/22,Inside,FB,FBi,,3,80,54,39,16,0.30,0.46
6/14/22,Inside,FB,FBi,,3,81,45,28,13,0.29,0.23
6/14/22,Inside,FB,FBi,,3,82,31,24,7,0.23,1.61
6/14/22,Inside,FB,FBi,,3,83,46,27,10,0.22,1.57
6/14/22,Inside,FB,FBi,,3,84,47,35,12,0.26,1.29
6/14/22,Inside,FB,FBi,,3,85,36,22,12,0.33,0.11
6/14/22,Inside,FB,FBi,,3,86,46,33,14,0.30,0.28
6/14/22,Inside,FB,FBi,,3,87,35,18,9,0.26,1.03
6/14/22,Inside,FB,FBi,,3,88,61,36,18,0.30,0.43
6/14/22,Inside,FB,FBi,,3,89,50,31,11,0.22,1.58
6/14/22,Inside,FB,FBi,,3,90,31,23,10,0.32,0.20
6/14/22,Inside,FB,FBi,,3,91,30,30,10,0.33,2.86
6/14/22,Inside,FB,FBi,,3,92,38,31,11,0.29,1.21
6/14/22,Inside,FB,FBi,,3,93,40,28,10,0.25,0.87
6/14/22,Inside,FB,FBi,,3,94,53,28,10,0.19,3.18
6/14/22,Inside,FB,FBi,,3,95,33,24,9,0.27,0.55
6/14/22,Inside,FB,FBi,,3,96,62,34,15,0.24,1.67
6/14/22,Outside,FB,FBo,,1,1,50,28,14,0.28,0.70
6/14/22,Outside,FB,FBo,,1,2,51,31,16,0.31,0.17
6/14/22,Outside,FB,FBo,,1,3,56,33,13,0.23,1.46
6/14/22,Outside,FB,FBo,,1,4,53,40,15,0.28,0.96
6/14/22,Outside,FB,FBo,,1,5,61,32,15,0.25,1.85
6/14/22,Outside,FB,FBo,,1,6,47,30,10,0.21,1.71
6/14/22,Outside,FB,FBo,,1,7,43,27,11,0.26,0.62
6/14/22,Outside,FB,FBo,,1,8,49,29,13,0.27,0.64
6/14/22,Outside,FB,FBo,,1,9,63,36,13,0.21,2.64
6/14/22,Outside,FB,FBo,,1,10,38,20,10,0.26,0.94
6/14/22,Outside,FB,FBo,,1,11,32,24,10,0.31,0.30
6/14/22,Outside,FB,FBo,,1,12,30,21,5,0.17,2.45
6/14/22,Outside,FB,FBo,,1,13,58,40,15,0.26,0.96
6/14/22,Outside,FB,FBo,,1,14,39,26,10,0.26,0.60
6/14/22,Outside,FB,FBo,,1,15,58,34,14,0.24,1.28
6/14/22,Outside,FB,FBo,,1,16,40,31,12,0.30,0.70
6/14/22,Outside,FB,FBo,,1,17,59,40,15,0.25,1.02
6/14/22,Outside,FB,FBo,,1,18,39,28,11,0.28,0.46
6/14/22,Outside,FB,FBo,,1,19,32,24,6,0.19,2.39
6/14/22,Outside,FB,FBo,,1,20,57,38,14,0.25,1.15
6/14/22,Outside,FB,FBo,,1,21,32,19,7,0.22,1.05
6/14/22,Outside,FB,FBo,,1,22,25,20,7,0.28,0.77
6/14/22,Outside,FB,FBo,,1,23,47,24,10,0.21,2.28
6/14/22,Outside,FB,FBo,,1,24,52,30,14,0.27,0.71
6/14/22,Outside,FB,FBo,,1,25,49,30,10,0.20,2.03
6/14/22,Outside,FB,FBo,,1,26,46,31,13,0.28,0.32
6/14/22,Outside,FB,FBo,,1,27,46,31,13,0.28,0.32
6/14/22,Outside,FB,FBo,,1,28,44,31,11,0.25,0.99
6/14/22,Outside,FB,FBo,,1,29,40,35,12,0.30,1.95
6/14/22,Outside,FB,FBo,,1,30,26,16,7,0.27,0.27
6/14/22,Outside,FB,FBo,,1,31,46,36,11,0.24,2.12
6/14/22,Outside,FB,FBo,,1,32,28,11,8,0.29,2.26
6/14/22,Outside,FB,FBo,,2,33,37,24,13,0.35,0.05
6/14/22,Outside,FB,FBo,,2,34,48,37,13,0.27,1.28
6/14/22,Outside,FB,FBo,,2,35,46,37,12,0.26,1.87
6/14/22,Outside,FB,FBo,,2,36,67,39,15,0.22,2.07
6/14/22,Outside,FB,FBo,,2,37,36,35,13,0.36,2.68
6/14/22,Outside,FB,FBo,,2,38,60,42,19,0.32,0.14
6/14/22,Outside,FB,FBo,,2,39,60,40,20,0.33,0.00
6/14/22,Outside,FB,FBo,,2,40,47,29,11,0.23,1.13
6/14/22,Outside,FB,FBo,,2,41,48,34,13,0.27,0.68
6/14/22,Outside,FB,FBo,,2,42,38,28,8,0.21,2.00
6/14/22,Outside,FB,FBo,,2,43,40,27,9,0.23,1.28
6/14/22,Outside,FB,FBo,,2,44,45,29,12,0.27,0.48
6/14/22,Outside,FB,FBo,,2,45,49,36,13,0.27,1.02
6/14/22,Outside,FB,FBo,,2,46,42,34,15,0.36,0.71
6/14/22,Outside,FB,FBo,,2,47,39,24,9,0.23,1.00
6/14/22,Outside,FB,FBo,,2,48,33,22,7,0.21,1.29
6/14/22,Outside,FB,FBo,,2,49,33,30,8,0.24,3.11
6/14/22,Outside,FB,FBo,,2,50,52,32,11,0.21,1.91
6/14/22,Outside,FB,FBo,,2,51,40,32,11,0.28,1.31
6/14/22,Outside,FB,FBo,,2,52,46,30,11,0.24,1.02
6/14/22,Outside,FB,FBo,,2,53,42,34,8,0.19,3.86
6/14/22,Outside,FB,FBo,,2,54,40,25,9,0.23,1.15
6/14/22,Outside,FB,FBo,,2,55,35,28,9,0.26,1.44
6/14/22,Outside,FB,FBo,,2,56,52,30,14,0.27,0.71
6/14/22,Outside,FB,FBo,,2,57,28,15,7,0.25,0.74
6/14/22,Outside,FB,FBo,,2,58,40,29,10,0.25,1.04
6/14/22,Outside,FB,FBo,,2,59,38,27,11,0.29,0.33
6/14/22,Outside,FB,FBo,,2,60,53,38,12,0.23,1.99
6/14/22,Outside,FB,FBo,,2,61,55,34,11,0.20,2.44
6/14/22,Outside,FB,FBo,,2,62,40,28,13,0.33,0.06
6/14/22,Outside,FB,FBo,,2,63,32,28,9,0.28,1.81
6/14/22,Outside,FB,FBo,,2,64,60,38,15,0.25,1.00
6/14/22,Outside,FB,FBo,,3,65,43,36,11,0.26,2.36
6/14/22,Outside,FB,FBo,,3,66,62,34,16,0.26,1.32
6/14/22,Outside,FB,FBo,,3,67,69,43,19,0.28,0.56
6/14/22,Outside,FB,FBo,,3,68,42,25,11,0.26,0.58
6/14/22,Outside,FB,FBo,,3,69,55,34,13,0.24,1.25
6/14/22,Outside,FB,FBo,,3,70,64,30,20,0.31,2.60
6/14/22,Outside,FB,FBo,,3,71,48,34,16,0.33,0.08
6/14/22,Outside,FB,FBo,,3,72,52,39,15,0.29,0.80
6/14/22,Outside,FB,FBo,,3,73,45,26,9,0.20,2.05
6/14/22,Outside,FB,FBo,,3,74,35,20,8,0.23,1.03
6/14/22,Outside,FB,FBo,,3,75,40,29,10,0.25,1.04
6/14/22,Outside,FB,FBo,,3,76,40,30,10,0.25,1.25
6/14/22,Outside,FB,FBo,,3,77,40,25,9,0.23,1.15
6/14/22,Outside,FB,FBo,,3,78,26,18,7,0.27,0.33
6/14/22,Outside,FB,FBo,,3,79,28,18,8,0.29,0.15
6/14/22,Outside,FB,FBo,,3,80,24,21,5,0.21,2.50
6/14/22,Outside,FB,FBo,,3,81,39,24,9,0.23,1.00
6/14/22,Outside,FB,FBo,,3,82,36,28,13,0.36,0.38
6/14/22,Outside,FB,FBo,,3,83,45,30,10,0.22,1.47
6/14/22,Outside,FB,FBo,,3,84,38,32,11,0.29,1.54
6/14/22,Outside,FB,FBo,,3,85,49,31,13,0.27,0.54
6/14/22,Outside,FB,FBo,,3,86,40,25,11,0.28,0.33
6/14/22,Outside,FB,FBo,,3,87,42,30,12,0.29,0.43
6/14/22,Outside,FB,FBo,,3,88,29,24,7,0.24,1.73
6/14/22,Outside,FB,FBo,,3,89,40,24,9,0.23,1.16
6/14/22,Outside,FB,FBo,,3,90,64,42,16,0.25,1.11
6/14/22,Outside,FB,FBo,,3,91,32,24,9,0.28,0.57
6/14/22,Outside,FB,FBo,,3,92,47,27,11,0.23,1.25
6/14/22,Outside,FB,FBo,,3,93,42,27,8,0.19,2.21
6/14/22,Outside,FB,FBo,,3,94,41,27,11,0.27,0.43
6/14/22,Outside,FB,FBo,,3,95,27,20,9,0.33,0.14
6/14/22,Outside,FB,FBo,,3,96,43,27,17,0.40,0.57
6/14/22,Inside,FC,FCi,1,A,1,56,36,17,0.30,0.12
6/14/22,Inside,FC,FCi,1,A,2,61,40,16,0.26,0.76
6/14/22,Inside,FC,FCi,1,A,3,56,39,15,0.27,0.77
6/14/22,Inside,FC,FCi,1,A,4,39,29,11,0.28,0.63
6/14/22,Inside,FC,FCi,1,A,5,37,26,11,0.30,0.22
6/14/22,Inside,FC,FCi,1,A,6,44,33,12,0.27,0.92
6/14/22,Inside,FC,FCi,1,A,7,49,34,14,0.29,0.38
6/14/22,Inside,FC,FCi,1,A,8,55,39,14,0.25,1.16
6/14/22,Inside,FC,FCi,1,B,9,50,30,12,0.24,1.09
6/14/22,Inside,FC,FCi,1,B,10,62,40,19,0.31,0.11
6/14/22,Inside,FC,FCi,1,B,11,38,28,11,0.29,0.48
6/14/22,Inside,FC,FCi,1,B,12,65,34,18,0.28,1.48
6/14/22,Inside,FC,FCi,1,B,13,50,29,12,0.24,1.16
6/14/22,Inside,FC,FCi,1,B,14,43,29,13,0.30,0.12
6/14/22,Inside,FC,FCi,1,B,15,27,27,10,0.37,2.33
6/14/22,Inside,FC,FCi,1,B,16,29,22,8,0.28,0.63
6/14/22,Inside,FC,FCi,1,C,17,46,33,12,0.26,0.90
6/14/22,Inside,FC,FCi,1,C,18,30,24,9,0.30,0.71
6/14/22,Inside,FC,FCi,1,C,19,34,25,10,0.29,0.38
6/14/22,Inside,FC,FCi,1,C,20,49,32,14,0.29,0.26
6/14/22,Inside,FC,FCi,1,C,21,30,29,9,0.30,2.72
6/14/22,Inside,FC,FCi,1,C,22,56,34,14,0.25,0.96
6/14/22,Inside,FC,FCi,1,C,23,34,21,8,0.24,0.79
6/14/22,Inside,FC,FCi,1,C,24,54,24,9,0.17,5.48
6/14/22,Inside,FC,FCi,1,D,25,49,33,12,0.24,1.03
6/14/22,Inside,FC,FCi,1,D,26,40,28,12,0.30,0.20
6/14/22,Inside,FC,FCi,1,D,27,47,36,15,0.32,0.53
6/14/22,Inside,FC,FCi,1,D,28,57,31,16,0.28,0.97
6/14/22,Inside,FC,FCi,1,D,29,45,35,12,0.27,1.36
6/14/22,Inside,FC,FCi,1,D,30,60,35,17,0.28,0.58
6/14/22,Inside,FC,FCi,1,D,31,46,26,10,0.22,1.66
6/14/22,Inside,FC,FCi,1,D,32,45,27,11,0.24,0.89
6/14/22,Inside,FC,FCi,2,A,33,28,21,8,0.29,0.46
6/14/22,Inside,FC,FCi,2,A,34,43,25,14,0.33,0.30
6/14/22,Inside,FC,FCi,2,A,35,54,36,16,0.30,0.19
6/14/22,Inside,FC,FCi,2,A,36,39,28,10,0.26,0.84
6/14/22,Inside,FC,FCi,2,A,37,59,32,17,0.29,0.96
6/14/22,Inside,FC,FCi,2,A,38,41,27,12,0.29,0.16
6/14/22,Inside,FC,FCi,2,A,39,45,29,10,0.22,1.39
6/14/22,Inside,FC,FCi,2,A,40,39,35,11,0.28,2.56
6/14/22,Inside,FC,FCi,2,B,41,59,37,15,0.25,0.88
6/14/22,Inside,FC,FCi,2,B,42,52,37,15,0.29,0.47
6/14/22,Inside,FC,FCi,2,B,43,47,35,14,0.30,0.55
6/14/22,Inside,FC,FCi,2,B,44,51,31,14,0.27,0.47
6/14/22,Inside,FC,FCi,2,B,45,51,32,12,0.24,1.19
6/14/22,Inside,FC,FCi,2,B,46,43,31,10,0.23,1.49
6/14/22,Inside,FC,FCi,2,B,47,36,25,12,0.33,0.03
6/14/22,Inside,FC,FCi,2,B,48,39,28,10,0.26,0.84
6/14/22,Inside,FC,FCi,2,C,49,59,32,15,0.25,1.40
6/14/22,Inside,FC,FCi,2,C,50,45,23,10,0.22,1.96
6/14/22,Inside,FC,FCi,2,C,51,42,35,13,0.31,1.30
6/14/22,Inside,FC,FCi,2,C,52,40,34,17,0.43,1.33
6/14/22,Inside,FC,FCi,2,C,53,52,34,14,0.27,0.52
6/14/22,Inside,FC,FCi,2,C,54,42,31,12,0.29,0.59
6/14/22,Inside,FC,FCi,2,C,55,38,30,11,0.29,0.92
6/14/22,Inside,FC,FCi,2,C,56,45,26,13,0.29,0.43
6/14/22,Inside,FC,FCi,2,D,57,52,40,14,0.27,1.40
6/14/22,Inside,FC,FCi,2,D,58,56,33,14,0.25,1.03
6/14/22,Inside,FC,FCi,2,D,59,39,27,11,0.28,0.34
6/14/22,Inside,FC,FCi,2,D,60,57,37,14,0.25,1.08
6/14/22,Inside,FC,FCi,2,D,61,47,33,14,0.30,0.27
6/14/22,Inside,FC,FCi,2,D,62,47,29,11,0.23,1.13
6/14/22,Inside,FC,FCi,2,D,63,61,39,19,0.31,0.08
6/14/22,Inside,FC,FCi,2,D,64,36,26,10,0.28,0.50
6/14/22,Inside,FC,FCi,3,A,65,40,29,9,0.23,1.60
6/14/22,Inside,FC,FCi,3,A,66,35,26,10,0.29,0.52
6/14/22,Inside,FC,FCi,3,A,67,40,27,10,0.25,0.75
6/14/22,Inside,FC,FCi,3,A,68,53,48,20,0.38,2.39
6/14/22,Inside,FC,FCi,3,A,69,40,28,11,0.28,0.47
6/14/22,Inside,FC,FCi,3,A,70,46,34,13,0.28,0.70
6/14/22,Inside,FC,FCi,3,A,71,34,28,8,0.24,2.11
6/14/22,Inside,FC,FCi,3,A,72,43,30,12,0.28,0.44
6/14/22,Inside,FC,FCi,3,B,73,36,25,10,0.28,0.37
6/14/22,Inside,FC,FCi,3,B,74,42,34,13,0.31,1.00
6/14/22,Inside,FC,FCi,3,B,75,59,40,14,0.24,1.50
6/14/22,Inside,FC,FCi,3,B,76,44,38,16,0.36,1.39
6/14/22,Inside,FC,FCi,3,B,77,44,37,14,0.32,1.37
6/14/22,Inside,FC,FCi,3,B,78,26,23,10,0.38,0.98
6/14/22,Inside,FC,FCi,3,B,79,40,31,11,0.28,1.04
6/14/22,Inside,FC,FCi,3,B,80,46,31,11,0.24,1.10
6/14/22,Inside,FC,FCi,3,C,81,63,45,20,0.32,0.23
6/14/22,Inside,FC,FCi,3,C,82,35,27,9,0.26,1.15
6/14/22,Inside,FC,FCi,3,C,83,32,20,8,0.25,0.53
6/14/22,Inside,FC,FCi,3,C,84,32,23,9,0.28,0.39
6/14/22,Inside,FC,FCi,3,C,85,39,28,10,0.26,0.84
6/14/22,Inside,FC,FCi,3,C,86,58,41,15,0.26,1.10
6/14/22,Inside,FC,FCi,3,C,87,51,32,12,0.24,1.19
6/14/22,Inside,FC,FCi,3,C,88,39,24,10,0.26,0.56
6/14/22,Inside,FC,FCi,3,D,89,35,27,10,0.29,0.74
6/14/22,Inside,FC,FCi,3,D,90,42,28,14,0.33,0.00
6/14/22,Inside,FC,FCi,3,D,91,63,44,12,0.19,3.77
6/14/22,Inside,FC,FCi,3,D,92,50,30,14,0.28,0.43
6/14/22,Inside,FC,FCi,3,D,93,44,29,10,0.23,1.28
6/14/22,Inside,FC,FCi,3,D,94,48,38,13,0.27,1.55
6/14/22,Inside,FC,FCi,3,D,95,42,29,11,0.26,0.65
6/14/22,Inside,FC,FCi,3,D,96,54,34,10,0.19,3.02
6/14/22,Outside,FC,FCo,1,A,1,45,30,13,0.29,0.23
6/14/22,Outside,FC,FCo,1,A,2,49,35,9,0.18,3.38
6/14/22,Outside,FC,FCo,1,A,3,42,31,11,0.26,0.96
6/14/22,Outside,FC,FCo,1,A,4,52,30,12,0.23,1.45
6/14/22,Outside,FC,FCo,1,A,5,55,32,16,0.29,0.48
6/14/22,Outside,FC,FCo,1,A,6,39,27,12,0.31,0.12
6/14/22,Outside,FC,FCo,1,A,7,36,26,9,0.25,0.92
6/14/22,Outside,FC,FCo,1,A,8,45,46,12,0.27,6.34
6/14/22,Outside,FC,FCo,1,B,9,46,44,13,0.28,4.32
6/14/22,Outside,FC,FCo,1,B,10,59,36,15,0.25,0.91
6/14/22,Outside,FC,FCo,1,B,11,50,35,15,0.30,0.25
6/14/22,Outside,FC,FCo,1,B,12,57,33,15,0.26,0.86
6/14/22,Outside,FC,FCo,1,B,13,47,31,10,0.21,1.78
6/14/22,Outside,FC,FCo,1,B,14,61,35,15,0.25,1.32
6/14/22,Outside,FC,FCo,1,B,15,40,30,11,0.28,0.80
6/14/22,Outside,FC,FCo,1,B,16,40,36,12,0.30,2.36
6/14/22,Outside,FC,FCo,1,C,17,65,43,9,0.14,6.79
6/14/22,Outside,FC,FCo,1,C,18,49,35,8,0.16,4.32
6/14/22,Outside,FC,FCo,1,C,19,68,36,19,0.28,1.41
6/14/22,Outside,FC,FCo,1,C,20,57,20,11,0.19,7.73
6/14/22,Outside,FC,FCo,1,C,21,40,35,12,0.30,1.95
6/14/22,Outside,FC,FCo,1,C,22,50,39,11,0.22,2.89
6/14/22,Outside,FC,FCo,1,C,23,69,39,14,0.20,3.09
6/14/22,Outside,FC,FCo,1,C,24,38,24,10,0.26,0.44
6/14/22,Outside,FC,FCo,1,D,25,52,33,12,0.23,1.34
6/14/22,Outside,FC,FCo,1,D,26,54,32,11,0.20,2.28
6/14/22,Outside,FC,FCo,1,D,27,64,32,14,0.22,3.09
6/14/22,Outside,FC,FCo,1,D,28,59,39,13,0.22,1.96
6/14/22,Outside,FC,FCo,1,D,29,54,27,12,0.22,2.52
6/14/22,Outside,FC,FCo,1,D,30,54,33,10,0.19,2.99
6/14/22,Outside,FC,FCo,1,D,31,61,40,14,0.23,1.68
6/14/22,Outside,FC,FCo,1,D,32,19,18,7,0.37,1.18
6/14/22,Outside,FC,FCo,2,A,33,40,27,10,0.25,0.75
6/14/22,Outside,FC,FCo,2,A,34,54,32,15,0.28,0.52
6/14/22,Outside,FC,FCo,2,A,35,63,39,22,0.35,0.23
6/14/22,Outside,FC,FCo,2,A,36,42,28,11,0.26,0.56
6/14/22,Outside,FC,FCo,2,A,37,59,41,15,0.25,1.13
6/14/22,Outside,FC,FCo,2,A,38,52,39,13,0.25,1.63
6/14/22,Outside,FC,FCo,2,A,39,42,29,10,0.24,1.11
6/14/22,Outside,FC,FCo,2,A,40,54,30,13,0.24,1.41
6/14/22,Outside,FC,FCo,2,B,41,49,40,15,0.31,1.31
6/14/22,Outside,FC,FCo,2,B,42,37,25,9,0.24,0.82
6/14/22,Outside,FC,FCo,2,B,43,60,40,15,0.25,1.09
6/14/22,Outside,FC,FCo,2,B,44,50,31,11,0.22,1.58
6/14/22,Outside,FC,FCo,2,B,45,40,31,11,0.28,1.04
6/14/22,Outside,FC,FCo,2,B,46,41,30,11,0.27,0.78
6/14/22,Outside,FC,FCo,2,B,47,33,26,7,0.21,2.18
6/14/22,Outside,FC,FCo,2,B,48,57,31,13,0.23,1.92
6/14/22,Outside,FC,FCo,2,C,49,45,30,11,0.24,0.93
6/14/22,Outside,FC,FCo,2,C,50,51,34,15,0.29,0.20
6/14/22,Outside,FC,FCo,2,C,51,40,22,11,0.28,0.67
6/14/22,Outside,FC,FCo,2,C,52,34,27,10,0.29,0.82
6/14/22,Outside,FC,FCo,2,C,53,38,29,10,0.26,1.06
6/14/22,Outside,FC,FCo,2,C,54,34,27,11,0.32,0.57
6/14/22,Outside,FC,FCo,2,C,55,42,32,11,0.26,1.19
6/14/22,Outside,FC,FCo,2,C,56,44,19,10,0.23,3.10
6/14/22,Outside,FC,FCo,2,D,57,34,24,9,0.26,0.55
6/14/22,Outside,FC,FCo,2,D,58,51,30,12,0.24,1.26
6/14/22,Outside,FC,FCo,2,D,59,38,28,10,0.26,0.84
6/14/22,Outside,FC,FCo,2,D,60,40,25,11,0.28,0.33
6/14/22,Outside,FC,FCo,2,D,61,46,26,13,0.28,0.58
6/14/22,Outside,FC,FCo,2,D,62,65,47,20,0.31,0.40
6/14/22,Outside,FC,FCo,2,D,63,55,36,15,0.27,0.49
6/14/22,Outside,FC,FCo,2,D,64,33,30,10,0.30,2.04
6/14/22,Outside,FC,FCo,3,A,65,49,36,12,0.24,1.49
6/14/22,Outside,FC,FCo,3,A,66,42,35,12,0.29,1.64
6/14/22,Outside,FC,FCo,3,A,67,50,33,13,0.26,0.68
6/14/22,Outside,FC,FCo,3,A,68,34,23,10,0.29,0.15
6/14/22,Outside,FC,FCo,3,A,69,36,30,12,0.33,0.92
6/14/22,Outside,FC,FCo,3,A,70,48,32,13,0.27,0.48
6/14/22,Outside,FC,FCo,3,A,71,27,22,7,0.26,1.21
6/14/22,Outside,FC,FCo,3,A,72,48,45,14,0.29,3.83
6/14/22,Outside,FC,FCo,3,B,73,64,39,16,0.25,1.09
6/14/22,Outside,FC,FCo,3,B,74,60,41,15,0.25,1.18
6/14/22,Outside,FC,FCo,3,B,75,40,32,11,0.28,1.31
6/14/22,Outside,FC,FCo,3,B,76,50,35,15,0.30,0.25
6/14/22,Outside,FC,FCo,3,B,77,48,32,11,0.23,1.37
6/14/22,Outside,FC,FCo,3,B,78,41,30,11,0.27,0.78
6/14/22,Outside,FC,FCo,3,B,79,63,32,16,0.25,2.03
6/14/22,Outside,FC,FCo,3,B,80,50,29,14,0.28,0.54
6/14/22,Outside,FC,FCo,3,C,81,50,34,13,0.26,0.75
6/14/22,Outside,FC,FCo,3,C,82,30,21,13,0.43,0.64
6/14/22,Outside,FC,FCo,3,C,83,24,21,8,0.33,0.94
6/14/22,Outside,FC,FCo,3,C,84,48,32,15,0.31,0.05
6/14/22,Outside,FC,FCo,3,C,85,47,33,14,0.30,0.27
6/14/22,Outside,FC,FCo,3,C,86,59,35,14,0.24,1.38
6/14/22,Outside,FC,FCo,3,C,87,40,25,9,0.23,1.15
6/14/22,Outside,FC,FCo,3,C,88,46,33,13,0.28,0.53
6/14/22,Outside,FC,FCo,3,D,89,39,24,10,0.26,0.56
6/14/22,Outside,FC,FCo,3,D,90,41,28,10,0.24,0.92
6/14/22,Outside,FC,FCo,3,D,91,48,37,12,0.25,1.75
6/14/22,Outside,FC,FCo,3,D,92,35,26,10,0.29,0.52
6/14/22,Outside,FC,FCo,3,D,93,38,33,13,0.34,1.35
6/14/22,Outside,FC,FCo,3,D,94,26,23,7,0.27,1.73
6/14/22,Outside,FC,FCo,3,D,95,40,26,10,0.25,0.68
6/14/22,Outside,FC,FCo,3,D,96,41,27,10,0.24,0.83
7/5/22,Inside,BP,BPi,,,1,63,44,15,0.24,1.74
7/5/22,Inside,BP,BPi,,,2,63,45,14,0.22,2.50
7/5/22,Inside,BP,BPi,,,3,65,34,14,0.22,2.88
7/5/22,Inside,BP,BPi,,,4,41,35,11,0.27,2.23
7/5/22,Inside,BP,BPi,,,5,58,38,14,0.24,1.24
7/5/22,Inside,BP,BPi,,,6,54,34,13,0.24,1.12
7/5/22,Inside,BP,BPi,,,7,34,28,9,0.26,1.54
7/5/22,Inside,BP,BPi,,,8,36,30,9,0.25,2.04
7/5/22,Inside,BP,BPi,,,9,40,31,10,0.25,1.51
7/5/22,Inside,BP,BPi,,,10,48,34,11,0.23,1.65
7/5/22,Inside,BP,BPi,,,11,33,27,7,0.21,2.54
7/5/22,Inside,BP,BPi,,,12,70,44,15,0.21,2.46
7/5/22,Inside,BP,BPi,,,13,57,37,14,0.25,1.08
7/5/22,Inside,BP,BPi,,,14,48,40,14,0.29,1.76
7/5/22,Inside,BP,BPi,,,15,45,37,10,0.22,3.18
7/5/22,Inside,BP,BPi,,,16,38,32,9,0.24,2.59
7/5/22,Inside,BP,BPi,,,17,60,38,15,0.25,1.00
7/5/22,Inside,BP,BPi,,,18,51,40,11,0.22,3.18
7/5/22,Inside,BP,BPi,,,19,65,45,20,0.31,0.19
7/5/22,Inside,BP,BPi,,,20,58,37,17,0.29,0.22
7/5/22,Inside,BP,BPi,,,21,45,38,12,0.27,2.33
7/5/22,Inside,BP,BPi,,,22,44,33,10,0.23,1.95
7/5/22,Inside,BP,BPi,,,23,53,53,12,0.23,8.35
7/5/22,Inside,BP,BPi,,,24,55,37,12,0.22,1.97
7/5/22,Inside,BP,BPi,,,25,47,32,12,0.26,0.80
7/5/22,Inside,BP,BPi,,,26,37,30,9,0.24,1.95
7/5/22,Inside,BP,BPi,,,27,44,35,11,0.25,1.92
7/5/22,Inside,BP,BPi,,,28,57,34,15,0.26,0.75
7/5/22,Inside,BP,BPi,,,29,38,25,6,0.16,3.16
7/5/22,Inside,BP,BPi,,,30,64,38,14,0.22,2.10
7/5/22,Inside,BP,BPi,,,31,49,41,13,0.27,2.43
7/5/22,Inside,BP,BPi,,,32,46,25,11,0.24,1.33
7/5/22,Inside,BP,BPi,,,33,45,31,10,0.22,1.59
7/5/22,Inside,BP,BPi,,,34,65,35,19,0.29,1.09
7/5/22,Inside,BP,BPi,,,35,39,24,8,0.21,1.59
7/5/22,Inside,BP,BPi,,,36,45,34,11,0.24,1.60
7/5/22,Inside,BP,BPi,,,37,55,38,11,0.20,2.81
7/5/22,Inside,BP,BPi,,,38,30,20,6,0.20,1.43
7/5/22,Inside,BP,BPi,,,39,49,30,13,0.27,0.57
7/5/22,Inside,BP,BPi,,,40,60,33,14,0.23,1.81
7/5/22,Inside,BP,BPi,,,41,63,35,15,0.24,1.72
7/5/22,Inside,BP,BPi,,,42,40,31,9,0.23,2.11
7/5/22,Inside,BP,BPi,,,43,47,39,14,0.30,1.57
7/5/22,Inside,BP,BPi,,,44,44,50,14,0.32,8.19
7/5/22,Inside,BP,BPi,,,45,35,37,13,0.37,4.07
7/5/22,Inside,BP,BPi,,,46,45,36,11,0.24,2.17
7/5/22,Inside,BP,BPi,,,47,54,35,12,0.22,1.68
7/5/22,Inside,BP,BPi,,,48,52,39,12,0.23,2.19
7/5/22,Inside,BP,BPi,,,49,30,24,12,0.40,0.55
7/5/22,Inside,BP,BPi,,,50,54,37,14,0.26,0.86
7/5/22,Inside,BP,BPi,,,51,51,46,14,0.27,3.65
7/5/22,Inside,BP,BPi,,,52,56,36,14,0.25,0.94
7/5/22,Inside,BP,BPi,,,53,51,36,12,0.24,1.55
7/5/22,Inside,BP,BPi,,,54,49,33,12,0.24,1.03
7/5/22,Inside,BP,BPi,,,55,50,40,14,0.28,1.54
7/5/22,Inside,BP,BPi,,,56,47,32,12,0.26,0.80
7/5/22,Inside,BP,BPi,,,57,43,31,12,0.28,0.57
7/5/22,Inside,BP,BPi,,,58,36,32,11,0.31,1.89
7/5/22,Inside,BP,BPi,,,59,61,33,11,0.18,3.90
7/5/22,Inside,BP,BPi,,,60,47,33,12,0.26,0.92
7/5/22,Inside,BP,BPi,,,61,33,33,10,0.30,3.54
7/5/22,Inside,BP,BPi,,,62,36,32,8,0.22,3.58
7/5/22,Inside,BP,BPi,,,63,30,24,7,0.23,1.66
7/5/22,Inside,BP,BPi,,,64,50,35,14,0.28,0.51
7/5/22,Inside,BP,BPi,,,65,40,32,11,0.28,1.31
7/5/22,Inside,BP,BPi,,,66,61,47,21,0.34,0.57
7/5/22,Inside,BP,BPi,,,67,62,38,16,0.26,0.86
7/5/22,Inside,BP,BPi,,,68,45,35,10,0.22,2.50
7/5/22,Inside,BP,BPi,,,69,52,36,14,0.27,0.67
7/5/22,Inside,BP,BPi,,,70,54,43,12,0.22,3.32
7/5/22,Inside,BP,BPi,,,71,54,37,13,0.24,1.32
7/5/22,Inside,BP,BPi,,,72,37,25,8,0.22,1.39
7/5/22,Inside,BP,BPi,,,73,29,25,8,0.28,1.56
7/5/22,Inside,BP,BPi,,,74,42,31,9,0.21,2.11
7/5/22,Inside,BP,BPi,,,75,71,44,14,0.20,3.29
7/5/22,Inside,BP,BPi,,,76,48,32,10,0.21,2.00
7/5/22,Inside,BP,BPi,,,77,53,29,11,0.21,2.34
7/5/22,Inside,BP,BPi,,,78,39,31,11,0.28,1.11
7/5/22,Inside,BP,BPi,,,79,51,42,12,0.24,3.17
7/5/22,Inside,BP,BPi,,,80,48,41,12,0.25,3.11
7/5/22,Inside,BP,BPi,,,81,31,21,7,0.23,0.98
7/5/22,Inside,BP,BPi,,,82,40,32,13,0.33,0.72
7/5/22,Inside,BP,BPi,,,83,46,30,10,0.22,1.58
7/5/22,Inside,BP,BPi,,,84,37,30,10,0.27,1.42
7/5/22,Inside,BP,BPi,,,85,50,25,11,0.22,2.38
7/5/22,Inside,BP,BPi,,,86,48,40,14,0.29,1.76
7/5/22,Inside,BP,BPi,,,87,46,34,12,0.26,1.09
7/5/22,Inside,BP,BPi,,,88,38,31,10,0.26,1.65
7/5/22,Inside,BP,BPi,,,89,57,38,13,0.23,1.67
7/5/22,Inside,BP,BPi,,,90,36,30,11,0.31,1.16
7/5/22,Inside,BP,BPi,,,91,68,44,14,0.21,2.83
7/5/22,Inside,BP,BPi,,,92,42,28,8,0.19,2.31
7/5/22,Inside,BP,BPi,,,93,43,30,11,0.26,0.81
7/5/22,Inside,BP,BPi,,,94,60,37,13,0.22,2.01
7/5/22,Inside,BP,BPi,,,95,50,35,11,0.22,1.93
7/5/22,Inside,BP,BPi,,,96,46,32,11,0.24,1.22
7/5/22,Outside,BP,BPo,,,1,55,40,16,0.29,0.59
7/5/22,Outside,BP,BPo,,,2,56,38,13,0.23,1.58
7/5/22,Outside,BP,BPo,,,3,59,37,14,0.24,1.32
7/5/22,Outside,BP,BPo,,,4,45,39,11,0.24,3.31
7/5/22,Outside,BP,BPo,,,5,49,40,12,0.24,2.62
7/5/22,Outside,BP,BPo,,,6,58,46,15,0.26,2.23
7/5/22,Outside,BP,BPo,,,7,62,41,14,0.23,1.86
7/5/22,Outside,BP,BPo,,,8,49,42,14,0.29,2.33
7/5/22,Outside,BP,BPo,,,9,39,27,10,0.26,0.70
7/5/22,Outside,BP,BPo,,,10,53,33,13,0.25,0.99
7/5/22,Outside,BP,BPo,,,11,68,38,17,0.25,1.50
7/5/22,Outside,BP,BPo,,,12,60,33,13,0.22,2.31
7/5/22,Outside,BP,BPo,,,13,64,49,15,0.23,2.82
7/5/22,Outside,BP,BPo,,,14,59,36,12,0.20,2.48
7/5/22,Outside,BP,BPo,,,15,41,25,9,0.22,1.31
7/5/22,Outside,BP,BPo,,,16,41,27,12,0.29,0.16
7/5/22,Outside,BP,BPo,,,17,61,34,14,0.23,1.88
7/5/22,Outside,BP,BPo,,,18,56,42,14,0.25,1.75
7/5/22,Outside,BP,BPo,,,19,69,40,14,0.20,3.00
7/5/22,Outside,BP,BPo,,,20,32,26,9,0.28,1.09
7/5/22,Outside,BP,BPo,,,21,62,35,12,0.19,3.17
7/5/22,Outside,BP,BPo,,,22,49,38,14,0.29,1.08
7/5/22,Outside,BP,BPo,,,23,41,32,10,0.24,1.75
7/5/22,Outside,BP,BPo,,,24,57,32,12,0.21,2.31
7/5/22,Outside,BP,BPo,,,25,73,40,18,0.25,1.84
7/5/22,Outside,BP,BPo,,,26,56,40,14,0.25,1.35
7/5/22,Outside,BP,BPo,,,27,62,40,15,0.24,1.27
7/5/22,Outside,BP,BPo,,,28,43,30,10,0.23,1.31
7/5/22,Outside,BP,BPo,,,29,50,43,14,0.28,2.56
7/5/22,Outside,BP,BPo,,,30,49,42,12,0.24,3.39
7/5/22,Outside,BP,BPo,,,31,44,36,11,0.25,2.25
7/5/22,Outside,BP,BPo,,,32,52,38,15,0.29,0.62
7/5/22,Outside,BP,BPo,,,33,64,38,16,0.25,1.15
7/5/22,Outside,BP,BPo,,,34,34,23,9,0.26,0.44
7/5/22,Outside,BP,BPo,,,35,61,44,19,0.31,0.32
7/5/22,Outside,BP,BPo,,,36,59,40,15,0.25,1.02
7/5/22,Outside,BP,BPo,,,37,30,29,9,0.30,2.72
7/5/22,Outside,BP,BPo,,,38,54,40,14,0.26,1.33
7/5/22,Outside,BP,BPo,,,39,37,30,9,0.24,1.95
7/5/22,Outside,BP,BPo,,,40,44,38,14,0.32,1.71
7/5/22,Outside,BP,BPo,,,41,44,35,10,0.23,2.54
7/5/22,Outside,BP,BPo,,,42,63,38,15,0.24,1.41
7/5/22,Outside,BP,BPo,,,43,60,34,13,0.22,2.18
7/5/22,Outside,BP,BPo,,,44,27,24,5,0.19,3.57
7/5/22,Outside,BP,BPo,,,45,42,38,12,0.29,2.83
7/5/22,Outside,BP,BPo,,,46,48,39,12,0.25,2.36
7/5/22,Outside,BP,BPo,,,47,58,45,14,0.24,2.48
7/5/22,Outside,BP,BPo,,,48,35,30,8,0.23,2.81
7/5/22,Outside,BP,BPo,,,49,48,32,13,0.27,0.48
7/5/22,Outside,BP,BPo,,,50,55,31,12,0.22,1.97
7/5/22,Outside,BP,BPo,,,51,55,32,18,0.33,0.39
7/5/22,Outside,BP,BPo,,,52,39,28,9,0.23,1.37
7/5/22,Outside,BP,BPo,,,53,55,37,14,0.25,0.92
7/5/22,Outside,BP,BPo,,,54,27,23,7,0.26,1.58
7/5/22,Outside,BP,BPo,,,55,54,42,12,0.22,3.00
7/5/22,Outside,BP,BPo,,,56,45,29,11,0.24,0.87
7/5/22,Outside,BP,BPo,,,57,65,48,17,0.26,1.51
7/5/22,Outside,BP,BPo,,,58,42,35,9,0.21,3.41
7/5/22,Outside,BP,BPo,,,59,51,36,12,0.24,1.55
7/5/22,Outside,BP,BPo,,,60,60,37,15,0.25,1.01
7/5/22,Outside,BP,BPo,,,61,47,40,11,0.23,3.47
7/5/22,Outside,BP,BPo,,,62,18,16,3,0.17,2.73
7/5/22,Outside,BP,BPo,,,63,45,31,13,0.29,0.29
7/5/22,Outside,BP,BPo,,,64,41,29,9,0.22,1.65
7/5/22,Outside,BP,BPo,,,65,58,45,13,0.22,3.11
7/5/22,Outside,BP,BPo,,,66,69,38,15,0.22,2.62
7/5/22,Outside,BP,BPo,,,67,53,38,14,0.26,0.96
7/5/22,Outside,BP,BPo,,,68,35,29,10,0.29,1.31
7/5/22,Outside,BP,BPo,,,69,51,35,14,0.27,0.53
7/5/22,Outside,BP,BPo,,,70,53,32,16,0.30,0.25
7/5/22,Outside,BP,BPo,,,71,54,43,14,0.26,2.11
7/5/22,Outside,BP,BPo,,,72,52,37,11,0.21,2.41
7/5/22,Outside,BP,BPo,,,73,32,19,6,0.19,1.72
7/5/22,Outside,BP,BPo,,,74,42,32,10,0.24,1.71
7/5/22,Outside,BP,BPo,,,75,63,42,17,0.27,0.66
7/5/22,Outside,BP,BPo,,,76,65,44,14,0.22,2.48
7/5/22,Outside,BP,BPo,,,77,51,38,16,0.31,0.43
7/5/22,Outside,BP,BPo,,,78,29,24,7,0.24,1.73
7/5/22,Outside,BP,BPo,,,79,52,36,11,0.21,2.23
7/5/22,Outside,BP,BPo,,,80,46,35,10,0.22,2.48
7/5/22,Outside,BP,BPo,,,81,44,28,10,0.23,1.22
7/5/22,Outside,BP,BPo,,,82,54,34,12,0.22,1.64
7/5/22,Outside,BP,BPo,,,83,54,30,11,0.20,2.45
7/5/22,Outside,BP,BPo,,,84,52,37,11,0.21,2.41
7/5/22,Outside,BP,BPo,,,85,57,38,15,0.26,0.73
7/5/22,Outside,BP,BPo,,,86,33,25,8,0.24,1.23
7/5/22,Outside,BP,BPo,,,87,47,35,11,0.23,1.83
7/5/22,Outside,BP,BPo,,,88,42,28,10,0.24,1.00
7/5/22,Outside,BP,BPo,,,89,53,33,12,0.23,1.48
7/5/22,Outside,BP,BPo,,,90,39,29,9,0.23,1.58
7/5/22,Outside,BP,BPo,,,91,28,19,6,0.21,1.09
7/5/22,Outside,BP,BPo,,,92,37,22,9,0.24,0.76
7/5/22,Outside,BP,BPo,,,93,48,37,13,0.27,1.28
7/5/22,Outside,BP,BPo,,,94,53,38,12,0.23,1.99
7/5/22,Outside,BP,BPo,,,95,59,46,19,0.32,0.81
7/5/22,Outside,BP,BPo,,,96,56,40,12,0.21,2.52
7/5/22,Inside,FB,FBi,,1,1,53,36,11,0.21,2.32
7/5/22,Inside,FB,FBi,,1,2,51,37,14,0.27,0.79
7/5/22,Inside,FB,FBi,,1,3,57,41,14,0.25,1.54
7/5/22,Inside,FB,FBi,,1,4,61,45,14,0.23,2.44
7/5/22,Inside,FB,FBi,,1,5,40,26,9,0.23,1.19
7/5/22,Inside,FB,FBi,,1,6,47,38,13,0.28,1.63
7/5/22,Inside,FB,FBi,,1,7,39,34,10,0.26,2.66
7/5/22,Inside,FB,FBi,,1,8,53,34,11,0.21,2.12
7/5/22,Inside,FB,FBi,,1,9,43,32,10,0.23,1.71
7/5/22,Inside,FB,FBi,,1,10,66,49,16,0.24,2.21
7/5/22,Inside,FB,FBi,,1,11,33,27,12,0.36,0.63
7/5/22,Inside,FB,FBi,,1,12,33,31,9,0.27,2.99
7/5/22,Inside,FB,FBi,,1,13,44,36,10,0.23,2.89
7/5/22,Inside,FB,FBi,,1,14,52,41,11,0.21,3.47
7/5/22,Inside,FB,FBi,,1,15,34,32,13,0.38,1.99
7/5/22,Inside,FB,FBi,,1,16,51,37,13,0.25,1.21
7/5/22,Inside,FB,FBi,,1,17,34,24,10,0.29,0.24
7/5/22,Inside,FB,FBi,,1,18,66,47,17,0.26,1.33
7/5/22,Inside,FB,FBi,,1,19,60,48,14,0.23,3.31
7/5/22,Inside,FB,FBi,,1,20,55,42,16,0.29,0.96
7/5/22,Inside,FB,FBi,,1,21,63,49,13,0.21,4.24
7/5/22,Inside,FB,FBi,,1,22,64,38,16,0.25,1.15
7/5/22,Inside,FB,FBi,,1,23,35,28,9,0.26,1.44
7/5/22,Inside,FB,FBi,,1,24,76,52,16,0.21,3.22
7/5/22,Inside,FB,FBi,,1,25,51,35,16,0.31,0.09
7/5/22,Inside,FB,FBi,,1,26,52,36,12,0.23,1.60
7/5/22,Inside,FB,FBi,,1,27,40,28,8,0.20,2.11
7/5/22,Inside,FB,FBi,,1,28,45,35,10,0.22,2.50
7/5/22,Inside,FB,FBi,,1,29,44,34,12,0.27,1.16
7/5/22,Inside,FB,FBi,,1,30,51,46,13,0.25,4.22
7/5/22,Inside,FB,FBi,,1,31,56,48,15,0.27,3.13
7/5/22,Inside,FB,FBi,,1,32,45,33,14,0.31,0.32
7/5/22,Inside,FB,FBi,,2,33,59,49,14,0.24,3.75
7/5/22,Inside,FB,FBi,,2,34,62,34,11,0.18,4.05
7/5/22,Inside,FB,FBi,,2,35,46,33,10,0.22,2.00
7/5/22,Inside,FB,FBi,,2,36,67,39,18,0.27,0.88
7/5/22,Inside,FB,FBi,,2,37,65,46,16,0.25,1.61
7/5/22,Inside,FB,FBi,,2,38,61,40,12,0.20,2.98
7/5/22,Inside,FB,FBi,,2,39,48,41,10,0.21,4.55
7/5/22,Inside,FB,FBi,,2,40,56,43,14,0.25,2.00
7/5/22,Inside,FB,FBi,,2,41,51,35,11,0.22,2.00
7/5/22,Inside,FB,FBi,,2,42,37,26,10,0.27,0.51
7/5/22,Inside,FB,FBi,,2,43,58,44,14,0.24,2.21
7/5/22,Inside,FB,FBi,,2,44,70,48,16,0.23,2.18
7/5/22,Inside,FB,FBi,,2,45,60,37,14,0.23,1.46
7/5/22,Inside,FB,FBi,,2,46,70,35,14,0.20,4.12
7/5/22,Inside,FB,FBi,,2,47,49,38,11,0.22,2.61
7/5/22,Inside,FB,FBi,,2,48,53,44,14,0.26,2.53
7/5/22,Inside,FB,FBi,,2,49,35,31,10,0.29,2.07
7/5/22,Inside,FB,FBi,,2,50,51,38,12,0.24,1.95
7/5/22,Inside,FB,FBi,,2,51,38,42,11,0.29,6.87
7/5/22,Inside,FB,FBi,,2,52,36,26,9,0.25,0.92
7/5/22,Inside,FB,FBi,,2,53,67,50,16,0.24,2.44
7/5/22,Inside,FB,FBi,,2,54,45,32,9,0.20,2.47
7/5/22,Inside,FB,FBi,,2,55,40,30,10,0.25,1.25
7/5/22,Inside,FB,FBi,,2,56,33,38,10,0.30,6.78
7/5/22,Inside,FB,FBi,,2,57,71,42,16,0.23,2.09
7/5/22,Inside,FB,FBi,,2,58,67,47,14,0.21,3.10
7/5/22,Inside,FB,FBi,,2,59,55,42,13,0.24,2.33
7/5/22,Inside,FB,FBi,,2,60,45,49,12,0.27,8.31
7/5/22,Inside,FB,FBi,,2,61,35,32,10,0.29,2.51
7/5/22,Inside,FB,FBi,,2,62,53,45,14,0.26,2.90
7/5/22,Inside,FB,FBi,,2,63,59,44,18,0.31,0.60
7/5/22,Inside,FB,FBi,,2,64,32,26,7,0.22,2.23
7/5/22,Inside,FB,FBi,,3,65,39,42,14,0.36,5.11
7/5/22,Inside,FB,FBi,,3,66,51,41,15,0.29,1.36
7/5/22,Inside,FB,FBi,,3,67,33,25,7,0.21,1.88
7/5/22,Inside,FB,FBi,,3,68,31,28,8,0.26,2.52
7/5/22,Inside,FB,FBi,,3,69,50,43,12,0.24,3.68
7/5/22,Inside,FB,FBi,,3,70,43,33,9,0.21,2.66
7/5/22,Inside,FB,FBi,,3,71,46,30,8,0.17,3.10
7/5/22,Inside,FB,FBi,,3,72,45,32,8,0.18,3.31
7/5/22,Inside,FB,FBi,,3,73,39,31,9,0.23,2.15
7/5/22,Inside,FB,FBi,,3,74,39,29,7,0.18,3.12
7/5/22,Inside,FB,FBi,,3,75,39,31,10,0.26,1.56
7/5/22,Inside,FB,FBi,,3,76,47,36,10,0.21,2.76
7/5/22,Inside,FB,FBi,,3,77,40,29,7,0.18,3.17
7/5/22,Inside,FB,FBi,,3,78,58,39,13,0.22,1.86
7/5/22,Inside,FB,FBi,,3,79,59,41,17,0.29,0.43
7/5/22,Inside,FB,FBi,,3,80,66,51,18,0.27,1.73
7/5/22,Inside,FB,FBi,,3,81,45,37,10,0.22,3.18
7/5/22,Inside,FB,FBi,,3,82,70,41,18,0.26,1.13
7/5/22,Inside,FB,FBi,,3,83,34,25,12,0.35,0.14
7/5/22,Inside,FB,FBi,,3,84,37,32,11,0.30,1.70
7/5/22,Inside,FB,FBi,,3,85,36,34,11,0.31,2.78
7/5/22,Inside,FB,FBi,,3,86,59,49,11,0.19,6.13
7/5/22,Inside,FB,FBi,,3,87,32,22,7,0.22,1.20
7/5/22,Inside,FB,FBi,,3,88,38,30,9,0.24,1.88
7/5/22,Inside,FB,FBi,,3,89,30,28,8,0.27,2.73
7/5/22,Inside,FB,FBi,,3,90,42,26,12,0.29,0.25
7/5/22,Inside,FB,FBi,,3,91,65,54,17,0.26,3.21
7/5/22,Inside,FB,FBi,,3,92,55,40,14,0.25,1.33
7/5/22,Inside,FB,FBi,,3,93,45,32,9,0.20,2.47
7/5/22,Inside,FB,FBi,,3,94,40,29,11,0.28,0.61
7/5/22,Inside,FB,FBi,,3,95,51,40,14,0.27,1.46
7/5/22,Inside,FB,FBi,,3,96,50,35,10,0.20,2.63
7/5/22,Outside,FB,FBo,,1,1,56,35,12,0.21,1.96
7/5/22,Outside,FB,FBo,,1,2,62,35,13,0.21,2.52
7/5/22,Outside,FB,FBo,,1,3,38,28,11,0.29,0.48
7/5/22,Outside,FB,FBo,,1,4,40,27,9,0.23,1.28
7/5/22,Outside,FB,FBo,,1,5,43,33,8,0.19,3.49
7/5/22,Outside,FB,FBo,,1,6,43,33,11,0.26,1.40
7/5/22,Outside,FB,FBo,,1,7,45,29,11,0.24,0.87
7/5/22,Outside,FB,FBo,,1,8,61,54,14,0.23,5.62
7/5/22,Outside,FB,FBo,,1,9,47,40,11,0.23,3.47
7/5/22,Outside,FB,FBo,,1,10,53,33,13,0.25,0.99
7/5/22,Outside,FB,FBo,,1,11,54,35,14,0.26,0.72
7/5/22,Outside,FB,FBo,,1,12,27,25,7,0.26,2.47
7/5/22,Outside,FB,FBo,,1,13,56,35,13,0.23,1.39
7/5/22,Outside,FB,FBo,,1,14,37,27,9,0.24,1.12
7/5/22,Outside,FB,FBo,,1,15,49,28,11,0.22,1.55
7/5/22,Outside,FB,FBo,,1,16,35,28,14,0.40,0.64
7/5/22,Outside,FB,FBo,,1,17,36,29,8,0.22,2.33
7/5/22,Outside,FB,FBo,,1,18,39,28,8,0.21,2.04
7/5/22,Outside,FB,FBo,,1,19,54,39,12,0.22,2.23
7/5/22,Outside,FB,FBo,,1,20,27,15,6,0.22,0.94
7/5/22,Outside,FB,FBo,,1,21,40,33,9,0.23,2.79
7/5/22,Outside,FB,FBo,,1,22,48,35,12,0.25,1.28
7/5/22,Outside,FB,FBo,,1,23,48,33,13,0.27,0.56
7/5/22,Outside,FB,FBo,,1,24,38,29,10,0.26,1.06
7/5/22,Outside,FB,FBo,,1,25,57,37,14,0.25,1.08
7/5/22,Outside,FB,FBo,,1,26,52,36,13,0.25,1.08
7/5/22,Outside,FB,FBo,,1,27,32,29,9,0.28,2.24
7/5/22,Outside,FB,FBo,,1,28,40,29,10,0.25,1.04
7/5/22,Outside,FB,FBo,,1,29,61,47,14,0.23,2.96
7/5/22,Outside,FB,FBo,,1,30,38,33,10,0.26,2.40
7/5/22,Outside,FB,FBo,,1,31,52,45,14,0.27,3.05
7/5/22,Outside,FB,FBo,,1,32,55,35,15,0.27,0.48
7/5/22,Outside,FB,FBo,,2,33,53,36,13,0.25,1.14
7/5/22,Outside,FB,FBo,,2,34,43,30,11,0.26,0.81
7/5/22,Outside,FB,FBo,,2,35,36,23,11,0.31,0.07
7/5/22,Outside,FB,FBo,,2,36,32,30,9,0.28,2.72
7/5/22,Outside,FB,FBo,,2,37,38,28,10,0.26,0.84
7/5/22,Outside,FB,FBo,,2,38,68,46,16,0.24,1.78
7/5/22,Outside,FB,FBo,,2,39,35,26,9,0.26,0.91
7/5/22,Outside,FB,FBo,,2,40,45,40,12,0.27,3.14
7/5/22,Outside,FB,FBo,,2,41,41,29,9,0.22,1.65
7/5/22,Outside,FB,FBo,,2,42,71,46,14,0.20,3.40
7/5/22,Outside,FB,FBo,,2,43,42,26,10,0.24,0.92
7/5/22,Outside,FB,FBo,,2,44,29,24,8,0.28,1.20
7/5/22,Outside,FB,FBo,,2,45,30,24,7,0.23,1.66
7/5/22,Outside,FB,FBo,,2,46,41,30,10,0.24,1.25
7/5/22,Outside,FB,FBo,,2,47,34,31,9,0.26,2.77
7/5/22,Outside,FB,FBo,,2,48,59,40,15,0.25,1.02
7/5/22,Outside,FB,FBo,,2,49,52,36,14,0.27,0.67
7/5/22,Outside,FB,FBo,,2,50,48,32,11,0.23,1.37
7/5/22,Outside,FB,FBo,,2,51,66,39,16,0.24,1.40
7/5/22,Outside,FB,FBo,,2,52,50,32,13,0.26,0.64
7/5/22,Outside,FB,FBo,,2,53,48,30,11,0.23,1.27
7/5/22,Outside,FB,FBo,,2,54,33,27,9,0.27,1.30
7/5/22,Outside,FB,FBo,,2,55,55,38,10,0.18,3.62
7/5/22,Outside,FB,FBo,,2,56,41,31,9,0.22,2.10
7/5/22,Outside,FB,FBo,,2,57,30,22,7,0.23,1.10
7/5/22,Outside,FB,FBo,,2,58,27,22,6,0.22,1.84
7/5/22,Outside,FB,FBo,,2,59,44,34,10,0.23,2.23
7/5/22,Outside,FB,FBo,,2,60,72,43,16,0.22,2.21
7/5/22,Outside,FB,FBo,,2,61,40,25,10,0.25,0.67
7/5/22,Outside,FB,FBo,,2,62,34,30,9,0.26,2.32
7/5/22,Outside,FB,FBo,,2,63,36,22,8,0.22,1.09
7/5/22,Outside,FB,FBo,,2,64,45,35,12,0.27,1.36
7/5/22,Outside,FB,FBo,,3,65,52,40,11,0.21,3.16
7/5/22,Outside,FB,FBo,,3,66,34,27,10,0.29,0.82
7/5/22,Outside,FB,FBo,,3,67,51,32,15,0.29,0.20
7/5/22,Outside,FB,FBo,,3,68,66,32,20,0.30,2.20
7/5/22,Outside,FB,FBo,,3,69,60,39,15,0.25,1.03
7/5/22,Outside,FB,FBo,,3,70,48,36,12,0.25,1.50
7/5/22,Outside,FB,FBo,,3,71,41,24,9,0.22,1.35
7/5/22,Outside,FB,FBo,,3,72,57,35,11,0.19,2.82
7/5/22,Outside,FB,FBo,,3,73,62,44,19,0.31,0.30
7/5/22,Outside,FB,FBo,,3,74,62,44,9,0.15,6.58
7/5/22,Outside,FB,FBo,,3,75,48,27,10,0.21,2.00
7/5/22,Outside,FB,FBo,,3,76,38,23,10,0.26,0.48
7/5/22,Outside,FB,FBo,,3,77,42,28,13,0.31,0.06
7/5/22,Outside,FB,FBo,,3,78,27,25,8,0.30,1.95
7/5/22,Outside,FB,FBo,,3,79,40,30,11,0.28,0.80
7/5/22,Outside,FB,FBo,,3,80,51,41,12,0.24,2.82
7/5/22,Outside,FB,FBo,,3,81,44,33,21,0.48,1.85
7/5/22,Outside,FB,FBo,,3,82,46,39,14,0.30,1.72
7/5/22,Outside,FB,FBo,,3,83,40,28,12,0.30,0.20
7/5/22,Outside,FB,FBo,,3,84,29,19,8,0.28,0.23
7/5/22,Outside,FB,FBo,,3,85,55,39,13,0.24,1.66
7/5/22,Outside,FB,FBo,,3,86,53,35,15,0.28,0.33
7/5/22,Outside,FB,FBo,,3,87,35,31,11,0.31,1.69
7/5/22,Outside,FB,FBo,,3,88,40,32,15,0.38,0.61
7/5/22,Outside,FB,FBo,,3,89,44,27,11,0.25,0.74
7/5/22,Outside,FB,FBo,,3,90,40,27,10,0.25,0.75
7/5/22,Outside,FB,FBo,,3,91,54,34,13,0.24,1.12
7/5/22,Outside,FB,FBo,,3,92,32,25,9,0.28,0.80
7/5/22,Outside,FB,FBo,,3,93,51,35,17,0.33,0.02
7/5/22,Outside,FB,FBo,,3,94,43,33,11,0.26,1.40
7/5/22,Outside,FB,FBo,,3,95,45,32,12,0.27,0.73
7/5/22,Outside,FB,FBo,,3,96,45,35,13,0.29,0.97
7/5/22,Inside,FC,FCi,1,A,1,55,42,11,0.20,3.74
7/5/22,Inside,FC,FCi,1,A,2,60,36,12,0.20,2.67
7/5/22,Inside,FC,FCi,1,A,3,63,42,13,0.21,2.71
7/5/22,Inside,FC,FCi,1,A,4,75,43,16,0.21,2.81
7/5/22,Inside,FC,FCi,1,A,5,54,37,12,0.22,1.88
7/5/22,Inside,FC,FCi,1,A,6,43,33,11,0.26,1.40
7/5/22,Inside,FC,FCi,1,A,7,36,34,9,0.25,3.86
7/5/22,Inside,FC,FCi,1,A,8,52,41,14,0.27,1.66
7/5/22,Inside,FC,FCi,1,B,9,44,33,15,0.34,0.27
7/5/22,Inside,FC,FCi,1,B,10,57,39,15,0.26,0.81
7/5/22,Inside,FC,FCi,1,B,11,60,43,17,0.28,0.68
7/5/22,Inside,FC,FCi,1,B,12,59,37,12,0.20,2.49
7/5/22,Inside,FC,FCi,1,B,13,59,38,12,0.20,2.54
7/5/22,Inside,FC,FCi,1,B,14,60,45,16,0.27,1.40
7/5/22,Inside,FC,FCi,1,B,15,56,40,14,0.25,1.35
7/5/22,Inside,FC,FCi,1,B,16,40,25,11,0.28,0.33
7/5/22,Inside,FC,FCi,1,C,17,42,30,11,0.26,0.78
7/5/22,Inside,FC,FCi,1,C,18,61,54,18,0.30,3.35
7/5/22,Inside,FC,FCi,1,C,19,58,36,12,0.21,2.30
7/5/22,Inside,FC,FCi,1,C,20,65,42,15,0.23,1.70
7/5/22,Inside,FC,FCi,1,C,21,71,52,15,0.21,3.62
7/5/22,Inside,FC,FCi,1,C,22,38,34,9,0.24,3.47
7/5/22,Inside,FC,FCi,1,C,23,45,37,11,0.24,2.52
7/5/22,Inside,FC,FCi,1,C,24,40,29,10,0.25,1.04
7/5/22,Inside,FC,FCi,1,D,25,35,30,8,0.23,2.81
7/5/22,Inside,FC,FCi,1,D,26,71,49,17,0.24,1.82
7/5/22,Inside,FC,FCi,1,D,27,66,45,18,0.27,0.70
7/5/22,Inside,FC,FCi,1,D,28,36,30,9,0.25,2.04
7/5/22,Inside,FC,FCi,1,D,29,58,47,12,0.21,4.53
7/5/22,Inside,FC,FCi,1,D,30,59,32,11,0.19,3.49
7/5/22,Inside,FC,FCi,1,D,31,57,39,16,0.28,0.47
7/5/22,Inside,FC,FCi,1,D,32,29,27,5,0.17,4.89
7/5/22,Inside,FC,FCi,2,A,33,41,30,10,0.24,1.25
7/5/22,Inside,FC,FCi,2,A,34,69,48,19,0.28,0.76
7/5/22,Inside,FC,FCi,2,A,35,37,35,10,0.27,3.52
7/5/22,Inside,FC,FCi,2,A,36,56,37,14,0.25,0.99
7/5/22,Inside,FC,FCi,2,A,37,59,43,14,0.24,1.97
7/5/22,Inside,FC,FCi,2,A,38,51,38,11,0.22,2.60
7/5/22,Inside,FC,FCi,2,A,39,43,35,10,0.23,2.60
7/5/22,Inside,FC,FCi,2,A,40,56,44,13,0.23,2.88
7/5/22,Inside,FC,FCi,2,B,41,71,48,15,0.21,2.90
7/5/22,Inside,FC,FCi,2,B,42,67,54,17,0.25,3.01
7/5/22,Inside,FC,FCi,2,B,43,38,23,7,0.18,2.13
7/5/22,Inside,FC,FCi,2,B,44,62,46,14,0.23,2.69
7/5/22,Inside,FC,FCi,2,B,45,59,42,13,0.22,2.39
7/5/22,Inside,FC,FCi,2,B,46,68,54,21,0.31,1.35
7/5/22,Inside,FC,FCi,2,B,47,48,41,11,0.23,3.77
7/5/22,Inside,FC,FCi,2,B,48,63,40,15,0.24,1.39
7/5/22,Inside,FC,FCi,2,C,49,41,30,9,0.22,1.85
7/5/22,Inside,FC,FCi,2,C,50,35,28,8,0.23,2.04
7/5/22,Inside,FC,FCi,2,C,51,33,22,7,0.21,1.29
7/5/22,Inside,FC,FCi,2,C,52,55,32,13,0.24,1.36
7/5/22,Inside,FC,FCi,2,C,53,52,47,12,0.23,5.21
7/5/22,Inside,FC,FCi,2,C,54,65,46,16,0.25,1.61
7/5/22,Inside,FC,FCi,2,C,55,50,37,11,0.22,2.34
7/5/22,Inside,FC,FCi,2,C,56,52,34,11,0.21,1.99
7/5/22,Inside,FC,FCi,2,D,57,55,41,12,0.22,2.71
7/5/22,Inside,FC,FCi,2,D,58,50,34,10,0.20,2.47
7/5/22,Inside,FC,FCi,2,D,59,51,37,12,0.24,1.73
7/5/22,Inside,FC,FCi,2,D,60,57,36,15,0.26,0.67
7/5/22,Inside,FC,FCi,2,D,61,68,49,20,0.29,0.60
7/5/22,Inside,FC,FCi,2,D,62,64,45,18,0.28,0.65
7/5/22,Inside,FC,FCi,2,D,63,57,33,10,0.18,3.65
7/5/22,Inside,FC,FCi,2,D,64,46,34,11,0.24,1.59
7/5/22,Inside,FC,FCi,3,A,65,46,32,11,0.24,1.22
7/5/22,Inside,FC,FCi,3,A,66,43,35,11,0.26,2.00
7/5/22,Inside,FC,FCi,3,A,67,41,32,12,0.29,0.86
7/5/22,Inside,FC,FCi,3,A,68,61,42,15,0.25,1.36
7/5/22,Inside,FC,FCi,3,A,69,65,41,17,0.26,0.80
7/5/22,Inside,FC,FCi,3,A,70,54,35,14,0.26,0.72
7/5/22,Inside,FC,FCi,3,A,71,66,37,13,0.20,3.25
7/5/22,Inside,FC,FCi,3,A,72,37,27,8,0.22,1.74
7/5/22,Inside,FC,FCi,3,B,73,62,45,15,0.24,1.88
7/5/22,Inside,FC,FCi,3,B,74,50,33,10,0.20,2.34
7/5/22,Inside,FC,FCi,3,B,75,64,41,14,0.22,2.10
7/5/22,Inside,FC,FCi,3,B,76,57,50,16,0.28,3.29
7/5/22,Inside,FC,FCi,3,B,77,57,42,14,0.25,1.74
7/5/22,Inside,FC,FCi,3,B,78,53,49,13,0.25,5.30
7/5/22,Inside,FC,FCi,3,B,79,53,47,13,0.25,4.34
7/5/22,Inside,FC,FCi,3,B,80,50,41,12,0.24,2.89
7/5/22,Inside,FC,FCi,3,C,81,59,38,13,0.22,1.89
7/5/22,Inside,FC,FCi,3,C,82,47,33,12,0.26,0.92
7/5/22,Inside,FC,FCi,3,C,83,80,53,19,0.24,1.90
7/5/22,Inside,FC,FCi,3,C,84,24,17,4,0.17,2.00
7/5/22,Inside,FC,FCi,3,C,85,40,29,10,0.25,1.04
7/5/22,Inside,FC,FCi,3,C,86,57,46,14,0.25,2.85
7/5/22,Inside,FC,FCi,3,C,87,49,41,12,0.24,2.99
7/5/22,Inside,FC,FCi,3,C,88,51,40,14,0.27,1.46
7/5/22,Inside,FC,FCi,3,D,89,46,39,13,0.28,2.09
7/5/22,Inside,FC,FCi,3,D,90,56,38,13,0.23,1.58
7/5/22,Inside,FC,FCi,3,D,91,47,36,13,0.28,1.08
7/5/22,Inside,FC,FCi,3,D,92,42,30,10,0.24,1.27
7/5/22,Inside,FC,FCi,3,D,93,52,44,13,0.25,3.20
7/5/22,Inside,FC,FCi,3,D,94,47,32,14,0.30,0.18
7/5/22,Inside,FC,FCi,3,D,95,60,44,13,0.22,2.85
7/5/22,Inside,FC,FCi,3,D,96,47,40,13,0.28,2.32
7/5/22,Outside,FC,FCo,1,A,1,38,33,9,0.24,3.01
7/5/22,Outside,FC,FCo,1,A,2,62,41,12,0.19,3.22
7/5/22,Outside,FC,FCo,1,A,3,46,30,12,0.26,0.59
7/5/22,Outside,FC,FCo,1,A,4,54,32,11,0.20,2.28
7/5/22,Outside,FC,FCo,1,A,5,45,35,12,0.27,1.36
7/5/22,Outside,FC,FCo,1,A,6,32,24,7,0.22,1.60
7/5/22,Outside,FC,FCo,1,A,7,50,37,13,0.26,1.21
7/5/22,Outside,FC,FCo,1,A,8,51,38,15,0.29,0.65
7/5/22,Outside,FC,FCo,1,B,9,44,36,12,0.27,1.74
7/5/22,Outside,FC,FCo,1,B,10,48,39,13,0.27,1.85
7/5/22,Outside,FC,FCo,1,B,11,51,30,12,0.24,1.26
7/5/22,Outside,FC,FCo,1,B,12,47,36,11,0.23,2.09
7/5/22,Outside,FC,FCo,1,B,13,39,34,11,0.28,2.14
7/5/22,Outside,FC,FCo,1,B,14,57,36,14,0.25,1.06
7/5/22,Outside,FC,FCo,1,B,15,39,29,10,0.26,1.04
7/5/22,Outside,FC,FCo,1,B,16,33,22,11,0.33,0.00
7/5/22,Outside,FC,FCo,1,C,17,56,39,14,0.25,1.19
7/5/22,Outside,FC,FCo,1,C,18,38,24,10,0.26,0.44
7/5/22,Outside,FC,FCo,1,C,19,39,26,9,0.23,1.08
7/5/22,Outside,FC,FCo,1,C,20,48,35,14,0.29,0.52
7/5/22,Outside,FC,FCo,1,C,21,47,40,17,0.36,1.31
7/5/22,Outside,FC,FCo,1,C,22,52,35,14,0.27,0.57
7/5/22,Outside,FC,FCo,1,C,23,54,41,13,0.24,2.08
7/5/22,Outside,FC,FCo,1,C,24,60,40,14,0.23,1.58
7/5/22,Outside,FC,FCo,1,D,25,75,47,18,0.24,1.58
7/5/22,Outside,FC,FCo,1,D,26,57,34,12,0.21,2.15
7/5/22,Outside,FC,FCo,1,D,27,47,27,12,0.26,0.85
7/5/22,Outside,FC,FCo,1,D,28,43,30,10,0.23,1.31
7/5/22,Outside,FC,FCo,1,D,29,56,29,13,0.23,2.09
7/5/22,Outside,FC,FCo,1,D,30,48,36,13,0.27,1.04
7/5/22,Outside,FC,FCo,1,D,31,65,42,18,0.28,0.49
7/5/22,Outside,FC,FCo,1,D,32,61,30,12,0.20,3.85
7/5/22,Outside,FC,FCo,2,A,33,60,40,19,0.32,0.04
7/5/22,Outside,FC,FCo,2,A,34,55,29,9,0.16,4.41
7/5/22,Outside,FC,FCo,2,A,35,41,30,11,0.27,0.78
7/5/22,Outside,FC,FCo,2,A,36,55,34,12,0.22,1.79
7/5/22,Outside,FC,FCo,2,A,37,49,35,19,0.39,0.33
7/5/22,Outside,FC,FCo,2,A,38,43,32,14,0.33,0.28
7/5/22,Outside,FC,FCo,2,A,39,37,30,12,0.32,0.77
7/5/22,Outside,FC,FCo,2,A,40,36,25,9,0.25,0.76
7/5/22,Outside,FC,FCo,2,B,41,39,28,10,0.26,0.84
7/5/22,Outside,FC,FCo,2,B,42,51,45,20,0.39,1.91
7/5/22,Outside,FC,FCo,2,B,43,47,35,15,0.32,0.35
7/5/22,Outside,FC,FCo,2,B,44,50,40,14,0.28,1.54
7/5/22,Outside,FC,FCo,2,B,45,46,41,18,0.39,1.85
7/5/22,Outside,FC,FCo,2,B,46,62,37,15,0.24,1.31
7/5/22,Outside,FC,FCo,2,B,47,58,37,15,0.26,0.77
7/5/22,Outside,FC,FCo,2,B,48,34,32,9,0.26,3.27
7/5/22,Outside,FC,FCo,2,C,49,44,30,12,0.27,0.47
7/5/22,Outside,FC,FCo,2,C,50,36,27,9,0.25,1.13
7/5/22,Outside,FC,FCo,2,C,51,52,30,13,0.25,1.02
7/5/22,Outside,FC,FCo,2,C,52,44,29,10,0.23,1.28
7/5/22,Outside,FC,FCo,2,C,53,47,35,10,0.21,2.49
7/5/22,Outside,FC,FCo,2,C,54,42,40,13,0.31,3.34
7/5/22,Outside,FC,FCo,2,C,55,42,30,10,0.24,1.27
7/5/22,Outside,FC,FCo,2,C,56,44,37,14,0.32,1.37
7/5/22,Outside,FC,FCo,2,D,57,70,39,16,0.23,2.19
7/5/22,Outside,FC,FCo,2,D,58,38,32,9,0.24,2.59
7/5/22,Outside,FC,FCo,2,D,59,32,25,8,0.25,1.26
7/5/22,Outside,FC,FCo,2,D,60,41,27,10,0.24,0.83
7/5/22,Outside,FC,FCo,2,D,61,29,25,7,0.24,2.13
7/5/22,Outside,FC,FCo,2,D,62,45,35,13,0.29,0.97
7/5/22,Outside,FC,FCo,2,D,63,34,25,9,0.26,0.72
7/5/22,Outside,FC,FCo,2,D,64,64,40,14,0.22,2.07
7/5/22,Outside,FC,FCo,3,A,65,55,41,16,0.29,0.76
7/5/22,Outside,FC,FCo,3,A,66,44,32,14,0.32,0.22
7/5/22,Outside,FC,FCo,3,A,67,45,34,8,0.18,3.83
7/5/22,Outside,FC,FCo,3,A,68,53,29,11,0.21,2.34
7/5/22,Outside,FC,FCo,3,A,69,60,41,10,0.17,4.70
7/5/22,Outside,FC,FCo,3,A,70,51,40,14,0.27,1.46
7/5/22,Outside,FC,FCo,3,A,71,37,29,11,0.30,0.75
7/5/22,Outside,FC,FCo,3,A,72,46,29,12,0.26,0.57
7/5/22,Outside,FC,FCo,3,B,73,45,35,12,0.27,1.36
7/5/22,Outside,FC,FCo,3,B,74,43,29,10,0.23,1.18
7/5/22,Outside,FC,FCo,3,B,75,29,25,8,0.28,1.56
7/5/22,Outside,FC,FCo,3,B,76,27,22,10,0.37,0.49
7/5/22,Outside,FC,FCo,3,B,77,63,36,21,0.33,0.60
7/5/22,Outside,FC,FCo,3,B,78,44,29,11,0.25,0.77
7/5/22,Outside,FC,FCo,3,B,79,38,27,9,0.24,1.15
7/5/22,Outside,FC,FCo,3,B,80,29,20,7,0.24,0.71
7/5/22,Outside,FC,FCo,3,C,81,65,43,9,0.14,6.79
7/5/22,Outside,FC,FCo,3,C,82,45,36,8,0.18,4.51
7/5/22,Outside,FC,FCo,3,C,83,51,39,12,0.24,2.21
7/5/22,Outside,FC,FCo,3,C,84,36,29,10,0.28,1.20
7/5/22,Outside,FC,FCo,3,C,85,44,32,15,0.34,0.14
7/5/22,Outside,FC,FCo,3,C,86,39,27,10,0.26,0.70
7/5/22,Outside,FC,FCo,3,C,87,62,45,19,0.31,0.42
7/5/22,Outside,FC,FCo,3,C,88,44,32,11,0.25,1.16
7/5/22,Outside,FC,FCo,3,D,89,49,33,14,0.29,0.30
7/5/22,Outside,FC,FCo,3,D,90,43,28,13,0.30,0.10
7/5/22,Outside,FC,FCo,3,D,91,41,29,10,0.24,1.06
7/5/22,Outside,FC,FCo,3,D,92,50,35,13,0.26,0.87
7/5/22,Outside,FC,FCo,3,D,93,36,29,9,0.25,1.69
7/5/22,Outside,FC,FCo,3,D,94,47,33,14,0.30,0.27
7/5/22,Outside,FC,FCo,3,D,95,42,30,10,0.24,1.27
7/5/22,Outside,FC,FCo,3,D,96,32,26,9,0.28,1.09
7/26/22,Inside,BP,BPi,,,1,61,48,16,0.26,2.12
7/26/22,Inside,BP,BPi,,,2,44,30,13,0.30,0.20
7/26/22,Inside,BP,BPi,,,3,54,45,15,0.28,2.29
7/26/22,Inside,BP,BPi,,,4,63,45,21,0.33,0.14
7/26/22,Inside,BP,BPi,,,5,54,41,19,0.35,0.39
7/26/22,Inside,BP,BPi,,,6,57,43,17,0.30,0.77
7/26/22,Inside,BP,BPi,,,7,39,32,9,0.23,2.50
7/26/22,Inside,BP,BPi,,,8,53,45,18,0.34,1.56
7/26/22,Inside,BP,BPi,,,9,60,47,23,0.38,0.78
7/26/22,Inside,BP,BPi,,,10,45,31,9,0.20,2.28
7/26/22,Inside,BP,BPi,,,11,54,34,15,0.28,0.40
7/26/22,Inside,BP,BPi,,,12,51,37,17,0.33,0.17
7/26/22,Inside,BP,BPi,,,13,53,40,15,0.28,0.96
7/26/22,Inside,BP,BPi,,,14,46,37,14,0.30,1.09
7/26/22,Inside,BP,BPi,,,15,57,46,13,0.23,3.48
7/26/22,Inside,BP,BPi,,,16,60,43,17,0.28,0.68
7/26/22,Inside,BP,BPi,,,17,51,41,14,0.27,1.75
7/26/22,Inside,BP,BPi,,,18,41,31,11,0.27,0.99
7/26/22,Inside,BP,BPi,,,19,57,38,14,0.25,1.15
7/26/22,Inside,BP,BPi,,,20,62,41,16,0.26,0.89
7/26/22,Inside,BP,BPi,,,21,45,35,10,0.22,2.50
7/26/22,Inside,BP,BPi,,,22,39,26,10,0.26,0.60
7/26/22,Inside,BP,BPi,,,23,65,56,18,0.28,3.46
7/26/22,Inside,BP,BPi,,,24,38,25,9,0.24,0.90
7/26/22,Inside,BP,BPi,,,25,52,32,13,0.25,0.88
7/26/22,Inside,BP,BPi,,,26,54,38,17,0.31,0.16
7/26/22,Inside,BP,BPi,,,27,38,37,9,0.24,5.06
7/26/22,Inside,BP,BPi,,,28,48,34,14,0.29,0.38
7/26/22,Inside,BP,BPi,,,29,66,50,19,0.29,1.13
7/26/22,Inside,BP,BPi,,,30,62,37,13,0.21,2.37
7/26/22,Inside,BP,BPi,,,31,46,34,13,0.28,0.70
7/26/22,Inside,BP,BPi,,,32,54,42,15,0.28,1.38
7/26/22,Inside,BP,BPi,,,33,38,35,12,0.32,2.38
7/26/22,Inside,BP,BPi,,,34,50,33,12,0.24,1.12
7/26/22,Inside,BP,BPi,,,35,59,41,16,0.27,0.73
7/26/22,Inside,BP,BPi,,,36,61,50,20,0.33,1.38
7/26/22,Inside,BP,BPi,,,37,55,34,14,0.25,0.83
7/26/22,Inside,BP,BPi,,,38,64,37,14,0.22,2.17
7/26/22,Inside,BP,BPi,,,39,61,40,17,0.28,0.44
7/26/22,Inside,BP,BPi,,,40,40,34,11,0.28,1.99
7/26/22,Inside,BP,BPi,,,41,50,40,14,0.28,1.54
7/26/22,Inside,BP,BPi,,,42,63,35,17,0.27,1.06
7/26/22,Inside,BP,BPi,,,43,44,35,13,0.30,1.05
7/26/22,Inside,BP,BPi,,,44,51,40,14,0.27,1.46
7/26/22,Inside,BP,BPi,,,45,57,41,15,0.26,1.08
7/26/22,Inside,BP,BPi,,,46,59,38,17,0.29,0.28
7/26/22,Inside,BP,BPi,,,47,71,52,23,0.32,0.36
7/26/22,Inside,BP,BPi,,,48,54,35,15,0.28,0.39
7/26/22,Inside,BP,BPi,,,49,66,49,23,0.35,0.33
7/26/22,Inside,BP,BPi,,,50,45,31,11,0.24,1.03
7/26/22,Inside,BP,BPi,,,51,46,33,12,0.26,0.90
7/26/22,Inside,BP,BPi,,,52,46,28,11,0.24,1.00
7/26/22,Inside,BP,BPi,,,53,40,33,11,0.28,1.63
7/26/22,Inside,BP,BPi,,,54,49,35,16,0.33,0.13
7/26/22,Inside,BP,BPi,,,55,55,33,12,0.22,1.81
7/26/22,Inside,BP,BPi,,,56,62,31,12,0.19,3.90
7/26/22,Inside,BP,BPi,,,57,72,44,16,0.22,2.18
7/26/22,Inside,BP,BPi,,,58,47,37,13,0.28,1.34
7/26/22,Inside,BP,BPi,,,59,48,42,10,0.21,5.00
7/26/22,Inside,BP,BPi,,,60,52,34,17,0.33,0.01
7/26/22,Inside,BP,BPi,,,61,65,51,14,0.22,4.07
7/26/22,Inside,BP,BPi,,,62,48,28,11,0.23,1.34
7/26/22,Inside,BP,BPi,,,63,41,35,11,0.27,2.23
7/26/22,Inside,BP,BPi,,,64,40,30,12,0.30,0.49
7/26/22,Inside,BP,BPi,,,65,51,40,11,0.22,3.18
7/26/22,Inside,BP,BPi,,,66,50,36,13,0.26,1.02
7/26/22,Inside,BP,BPi,,,67,35,26,9,0.26,0.91
7/26/22,Inside,BP,BPi,,,68,41,34,15,0.37,0.89
7/26/22,Inside,BP,BPi,,,69,57,35,12,0.21,2.13
7/26/22,Inside,BP,BPi,,,70,55,40,16,0.29,0.59
7/26/22,Inside,BP,BPi,,,71,56,40,12,0.21,2.52
7/26/22,Inside,BP,BPi,,,72,54,39,15,0.28,0.75
7/26/22,Inside,BP,BPi,,,73,71,47,15,0.21,2.78
7/26/22,Inside,BP,BPi,,,74,61,34,17,0.28,0.89
7/26/22,Inside,BP,BPi,,,75,50,45,14,0.28,3.39
7/26/22,Inside,BP,BPi,,,76,53,34,15,0.28,0.31
7/26/22,Inside,BP,BPi,,,77,49,40,13,0.27,2.08
7/26/22,Inside,BP,BPi,,,78,54,40,15,0.28,0.93
7/26/22,Inside,BP,BPi,,,79,63,42,17,0.27,0.66
7/26/22,Inside,BP,BPi,,,80,43,30,12,0.28,0.44
7/26/22,Inside,BP,BPi,,,81,40,31,10,0.25,1.51
7/26/22,Inside,BP,BPi,,,82,50,38,13,0.26,1.44
7/26/22,Inside,BP,BPi,,,83,49,36,12,0.24,1.49
7/26/22,Inside,BP,BPi,,,84,64,33,20,0.31,1.45
7/26/22,Inside,BP,BPi,,,85,40,33,12,0.30,1.25
7/26/22,Inside,BP,BPi,,,86,54,34,12,0.22,1.64
7/26/22,Inside,BP,BPi,,,87,50,34,14,0.28,0.41
7/26/22,Inside,BP,BPi,,,88,46,29,11,0.24,0.99
7/26/22,Inside,BP,BPi,,,89,62,45,14,0.23,2.46
7/26/22,Inside,BP,BPi,,,90,62,34,16,0.26,1.32
7/26/22,Inside,BP,BPi,,,91,50,39,14,0.28,1.26
7/26/22,Inside,BP,BPi,,,92,47,43,16,0.34,2.50
7/26/22,Inside,BP,BPi,,,93,53,45,16,0.30,2.04
7/26/22,Inside,BP,BPi,,,94,38,27,9,0.24,1.15
7/26/22,Inside,BP,BPi,,,95,50,43,16,0.32,1.85
7/26/22,Inside,BP,BPi,,,96,42,31,11,0.26,0.96
7/26/22,Outside,BP,BPo,,,1,51,35,15,0.29,0.26
7/26/22,Outside,BP,BPo,,,2,54,37,11,0.20,2.56
7/26/22,Outside,BP,BPo,,,3,52,40,12,0.23,2.46
7/26/22,Outside,BP,BPo,,,4,56,45,11,0.20,4.72
7/26/22,Outside,BP,BPo,,,5,57,41,18,0.32,0.25
7/26/22,Outside,BP,BPo,,,6,51,36,12,0.24,1.55
7/26/22,Outside,BP,BPo,,,7,51,31,11,0.22,1.74
7/26/22,Outside,BP,BPo,,,8,37,29,12,0.32,0.53
7/26/22,Outside,BP,BPo,,,9,57,39,16,0.28,0.47
7/26/22,Outside,BP,BPo,,,10,45,32,14,0.31,0.19
7/26/22,Outside,BP,BPo,,,11,71,36,18,0.25,2.31
7/26/22,Outside,BP,BPo,,,12,57,34,16,0.28,0.50
7/26/22,Outside,BP,BPo,,,13,58,40,19,0.33,0.04
7/26/22,Outside,BP,BPo,,,14,48,38,12,0.25,2.04
7/26/22,Outside,BP,BPo,,,15,51,32,12,0.24,1.19
7/26/22,Outside,BP,BPo,,,16,70,41,14,0.20,3.15
7/26/22,Outside,BP,BPo,,,17,54,35,13,0.24,1.15
7/26/22,Outside,BP,BPo,,,18,57,45,16,0.28,1.57
7/26/22,Outside,BP,BPo,,,19,50,36,12,0.24,1.51
7/26/22,Outside,BP,BPo,,,20,42,33,13,0.31,0.74
7/26/22,Outside,BP,BPo,,,21,49,38,11,0.22,2.61
7/26/22,Outside,BP,BPo,,,22,45,30,12,0.27,0.52
7/26/22,Outside,BP,BPo,,,23,46,34,12,0.26,1.09
7/26/22,Outside,BP,BPo,,,24,57,43,15,0.26,1.48
7/26/22,Outside,BP,BPo,,,25,53,36,14,0.26,0.71
7/26/22,Outside,BP,BPo,,,26,47,33,13,0.28,0.54
7/26/22,Outside,BP,BPo,,,27,48,31,12,0.25,0.81
7/26/22,Outside,BP,BPo,,,28,50,38,15,0.30,0.71
7/26/22,Outside,BP,BPo,,,29,51,42,15,0.29,1.67
7/26/22,Outside,BP,BPo,,,30,44,30,10,0.23,1.38
7/26/22,Outside,BP,BPo,,,31,60,44,18,0.30,0.56
7/26/22,Outside,BP,BPo,,,32,40,34,12,0.30,1.58
7/26/22,Outside,BP,BPo,,,33,59,36,12,0.20,2.48
7/26/22,Outside,BP,BPo,,,34,37,28,10,0.27,0.87
7/26/22,Outside,BP,BPo,,,35,49,34,13,0.27,0.71
7/26/22,Outside,BP,BPo,,,36,45,40,15,0.33,2.00
7/26/22,Outside,BP,BPo,,,37,46,35,14,0.30,0.61
7/26/22,Outside,BP,BPo,,,38,44,31,15,0.34,0.06
7/26/22,Outside,BP,BPo,,,39,63,43,18,0.29,0.43
7/26/22,Outside,BP,BPo,,,40,51,33,14,0.27,0.42
7/26/22,Outside,BP,BPo,,,41,65,47,18,0.28,0.93
7/26/22,Outside,BP,BPo,,,42,45,37,12,0.27,1.97
7/26/22,Outside,BP,BPo,,,43,57,45,15,0.26,2.00
7/26/22,Outside,BP,BPo,,,44,42,31,11,0.26,0.96
7/26/22,Outside,BP,BPo,,,45,55,44,13,0.24,2.93
7/26/22,Outside,BP,BPo,,,46,47,33,12,0.26,0.92
7/26/22,Outside,BP,BPo,,,47,69,44,17,0.25,1.26
7/26/22,Outside,BP,BPo,,,48,40,31,10,0.25,1.51
7/26/22,Outside,BP,BPo,,,49,59,45,17,0.29,1.07
7/26/22,Outside,BP,BPo,,,50,68,40,18,0.26,0.92
7/26/22,Outside,BP,BPo,,,51,59,34,17,0.29,0.58
7/26/22,Outside,BP,BPo,,,52,45,36,12,0.27,1.65
7/26/22,Outside,BP,BPo,,,53,49,39,14,0.29,1.34
7/26/22,Outside,BP,BPo,,,54,40,30,10,0.25,1.25
7/26/22,Outside,BP,BPo,,,55,48,33,10,0.21,2.13
7/26/22,Outside,BP,BPo,,,56,47,36,12,0.26,1.53
7/26/22,Outside,BP,BPo,,,57,62,43,17,0.27,0.70
7/26/22,Outside,BP,BPo,,,58,53,32,12,0.23,1.49
7/26/22,Outside,BP,BPo,,,59,46,42,14,0.30,2.90
7/26/22,Outside,BP,BPo,,,60,61,36,12,0.20,2.87
7/26/22,Outside,BP,BPo,,,61,62,34,15,0.24,1.67
7/26/22,Outside,BP,BPo,,,62,63,43,17,0.27,0.73
7/26/22,Outside,BP,BPo,,,63,55,37,15,0.27,0.54
7/26/22,Outside,BP,BPo,,,64,58,43,15,0.26,1.46
7/26/22,Outside,BP,BPo,,,65,45,32,12,0.27,0.73
7/26/22,Outside,BP,BPo,,,66,45,34,12,0.27,1.11
7/26/22,Outside,BP,BPo,,,67,46,36,14,0.30,0.83
7/26/22,Outside,BP,BPo,,,68,53,37,12,0.23,1.81
7/26/22,Outside,BP,BPo,,,69,54,40,17,0.31,0.41
7/26/22,Outside,BP,BPo,,,70,58,35,13,0.22,1.71
7/26/22,Outside,BP,BPo,,,71,36,30,11,0.31,1.16
7/26/22,Outside,BP,BPo,,,72,54,40,17,0.31,0.41
7/26/22,Outside,BP,BPo,,,73,58,37,15,0.26,0.77
7/26/22,Outside,BP,BPo,,,74,42,26,11,0.26,0.52
7/26/22,Outside,BP,BPo,,,75,66,34,16,0.24,2.24
7/26/22,Outside,BP,BPo,,,76,52,36,12,0.23,1.60
7/26/22,Outside,BP,BPo,,,77,48,35,12,0.25,1.28
7/26/22,Outside,BP,BPo,,,78,68,42,14,0.21,2.74
7/26/22,Outside,BP,BPo,,,79,68,48,15,0.22,2.66
7/26/22,Outside,BP,BPo,,,80,55,39,16,0.29,0.45
7/26/22,Outside,BP,BPo,,,81,48,30,14,0.29,0.22
7/26/22,Outside,BP,BPo,,,82,47,33,13,0.28,0.54
7/26/22,Outside,BP,BPo,,,83,44,34,13,0.30,0.80
7/26/22,Outside,BP,BPo,,,84,41,36,10,0.24,3.23
7/26/22,Outside,BP,BPo,,,85,36,25,10,0.28,0.37
7/26/22,Outside,BP,BPo,,,86,53,36,12,0.23,1.67
7/26/22,Outside,BP,BPo,,,87,35,30,11,0.31,1.32
7/26/22,Outside,BP,BPo,,,88,54,33,10,0.19,2.99
7/26/22,Outside,BP,BPo,,,89,40,33,12,0.30,1.25
7/26/22,Outside,BP,BPo,,,90,47,35,11,0.23,1.83
7/26/22,Outside,BP,BPo,,,91,46,33,12,0.26,0.90
7/26/22,Outside,BP,BPo,,,92,63,40,17,0.27,0.60
7/26/22,Outside,BP,BPo,,,93,33,30,13,0.39,1.53
7/26/22,Outside,BP,BPo,,,94,60,35,11,0.18,3.44
7/26/22,Outside,BP,BPo,,,95,53,44,15,0.28,2.07
7/26/22,Outside,BP,BPo,,,96,64,49,14,0.22,3.48
7/26/22,Inside,FB,FBi,,1,1,41,31,12,0.29,0.63
7/26/22,Inside,FB,FBi,,1,2,36,41,11,0.31,7.01
7/26/22,Inside,FB,FBi,,1,3,65,53,23,0.35,1.21
7/26/22,Inside,FB,FBi,,1,4,48,35,11,0.23,1.84
7/26/22,Inside,FB,FBi,,1,5,68,45,16,0.24,1.69
7/26/22,Inside,FB,FBi,,1,6,65,43,20,0.31,0.10
7/26/22,Inside,FB,FBi,,1,7,65,49,15,0.23,2.81
7/26/22,Inside,FB,FBi,,1,8,58,47,14,0.24,3.11
7/26/22,Inside,FB,FBi,,1,9,42,31,10,0.24,1.47
7/26/22,Inside,FB,FBi,,1,10,57,37,13,0.23,1.59
7/26/22,Inside,FB,FBi,,1,11,69,50,12,0.17,5.53
7/26/22,Inside,FB,FBi,,1,12,45,30,10,0.22,1.47
7/26/22,Inside,FB,FBi,,1,13,43,36,12,0.28,1.86
7/26/22,Inside,FB,FBi,,1,14,72,41,14,0.19,3.61
7/26/22,Inside,FB,FBi,,1,15,37,27,10,0.27,0.66
7/26/22,Inside,FB,FBi,,1,16,58,38,15,0.26,0.80
7/26/22,Inside,FB,FBi,,1,17,73,42,19,0.26,1.19
7/26/22,Inside,FB,FBi,,1,18,52,31,14,0.27,0.60
7/26/22,Inside,FB,FBi,,1,19,51,39,12,0.24,2.21
7/26/22,Inside,FB,FBi,,1,20,70,39,16,0.23,2.19
7/26/22,Inside,FB,FBi,,1,21,38,27,12,0.32,0.13
7/26/22,Inside,FB,FBi,,1,22,38,32,11,0.29,1.54
7/26/22,Inside,FB,FBi,,1,23,33,30,9,0.27,2.50
7/26/22,Inside,FB,FBi,,1,24,50,36,15,0.30,0.37
7/26/22,Inside,FB,FBi,,1,25,56,47,11,0.20,5.52
7/26/22,Inside,FB,FBi,,1,26,75,57,20,0.27,1.93
7/26/22,Inside,FB,FBi,,1,27,70,43,18,0.26,0.99
7/26/22,Inside,FB,FBi,,1,28,38,38,10,0.26,4.93
7/26/22,Inside,FB,FBi,,1,29,49,40,12,0.24,2.62
7/26/22,Inside,FB,FBi,,1,30,55,41,13,0.24,2.07
7/26/22,Inside,FB,FBi,,1,31,63,38,14,0.22,1.92
7/26/22,Inside,FB,FBi,,1,32,71,46,16,0.23,2.08
7/26/22,Inside,FB,FBi,,2,33,60,38,13,0.22,2.03
7/26/22,Inside,FB,FBi,,2,34,55,40,13,0.24,1.85
7/26/22,Inside,FB,FBi,,2,35,43,37,9,0.21,4.16
7/26/22,Inside,FB,FBi,,2,36,60,45,15,0.25,1.88
7/26/22,Inside,FB,FBi,,2,37,45,41,12,0.27,3.60
7/26/22,Inside,FB,FBi,,2,38,50,39,12,0.24,2.24
7/26/22,Inside,FB,FBi,,2,39,40,35,11,0.28,2.38
7/26/22,Inside,FB,FBi,,2,40,31,27,8,0.26,2.08
7/26/22,Inside,FB,FBi,,2,41,60,44,15,0.25,1.66
7/26/22,Inside,FB,FBi,,2,42,77,45,19,0.25,1.55
7/26/22,Inside,FB,FBi,,2,43,53,35,14,0.26,0.64
7/26/22,Inside,FB,FBi,,2,44,52,42,12,0.23,3.09
7/26/22,Inside,FB,FBi,,2,45,43,26,10,0.23,1.08
7/26/22,Inside,FB,FBi,,2,46,65,46,15,0.23,2.16
7/26/22,Inside,FB,FBi,,2,47,46,35,14,0.30,0.61
7/26/22,Inside,FB,FBi,,2,48,75,43,14,0.19,4.16
7/26/22,Inside,FB,FBi,,2,49,75,52,18,0.24,1.94
7/26/22,Inside,FB,FBi,,2,50,53,42,16,0.30,1.13
7/26/22,Inside,FB,FBi,,2,51,56,42,11,0.20,3.75
7/26/22,Inside,FB,FBi,,2,52,52,41,12,0.23,2.76
7/26/22,Inside,FB,FBi,,2,53,56,43,18,0.32,0.63
7/26/22,Inside,FB,FBi,,2,54,56,35,13,0.23,1.39
7/26/22,Inside,FB,FBi,,2,55,53,43,15,0.28,1.75
7/26/22,Inside,FB,FBi,,2,56,64,43,14,0.22,2.26
7/26/22,Inside,FB,FBi,,2,57,64,51,14,0.22,4.11
7/26/22,Inside,FB,FBi,,2,58,62,50,15,0.24,3.22
7/26/22,Inside,FB,FBi,,2,59,40,30,10,0.25,1.25
7/26/22,Inside,FB,FBi,,2,60,74,40,20,0.27,1.46
7/26/22,Inside,FB,FBi,,2,61,38,36,8,0.21,5.32
7/26/22,Inside,FB,FBi,,2,62,62,42,14,0.23,1.97
7/26/22,Inside,FB,FBi,,2,63,31,22,8,0.26,0.61
7/26/22,Inside,FB,FBi,,2,64,42,36,13,0.31,1.64
7/26/22,Inside,FB,FBi,,3,65,44,34,10,0.23,2.23
7/26/22,Inside,FB,FBi,,3,66,62,52,14,0.23,4.63
7/26/22,Inside,FB,FBi,,3,67,57,39,14,0.25,1.25
7/26/22,Inside,FB,FBi,,3,68,49,31,10,0.20,2.06
7/26/22,Inside,FB,FBi,,3,69,38,35,10,0.26,3.30
7/26/22,Inside,FB,FBi,,3,70,56,46,14,0.25,2.93
7/26/22,Inside,FB,FBi,,3,71,67,48,21,0.31,0.29
7/26/22,Inside,FB,FBi,,3,72,40,32,10,0.25,1.80
7/26/22,Inside,FB,FBi,,3,73,50,27,10,0.20,2.51
7/26/22,Inside,FB,FBi,,3,74,60,36,12,0.20,2.67
7/26/22,Inside,FB,FBi,,3,75,66,47,11,0.17,5.56
7/26/22,Inside,FB,FBi,,3,76,48,40,12,0.25,2.72
7/26/22,Inside,FB,FBi,,3,77,62,43,15,0.24,1.54
7/26/22,Inside,FB,FBi,,3,78,50,31,11,0.22,1.58
7/26/22,Inside,FB,FBi,,3,79,44,32,14,0.32,0.22
7/26/22,Inside,FB,FBi,,3,80,70,50,15,0.21,3.15
7/26/22,Inside,FB,FBi,,3,81,62,48,16,0.26,2.06
7/26/22,Inside,FB,FBi,,3,82,57,42,14,0.25,1.74
7/26/22,Inside,FB,FBi,,3,83,53,37,12,0.23,1.81
7/26/22,Inside,FB,FBi,,3,84,64,39,16,0.25,1.09
7/26/22,Inside,FB,FBi,,3,85,60,44,18,0.30,0.56
7/26/22,Inside,FB,FBi,,3,86,50,48,15,0.30,4.36
7/26/22,Inside,FB,FBi,,3,87,67,43,15,0.22,2.00
7/26/22,Inside,FB,FBi,,3,88,66,43,16,0.24,1.36
7/26/22,Inside,FB,FBi,,3,89,46,38,13,0.28,1.74
7/26/22,Inside,FB,FBi,,3,90,43,34,10,0.23,2.26
7/26/22,Inside,FB,FBi,,3,91,49,39,14,0.29,1.34
7/26/22,Inside,FB,FBi,,3,92,48,34,13,0.27,0.68
7/26/22,Inside,FB,FBi,,3,93,47,31,11,0.23,1.19
7/26/22,Inside,FB,FBi,,3,94,47,35,13,0.28,0.86
7/26/22,Inside,FB,FBi,,3,95,53,50,15,0.28,4.61
7/26/22,Inside,FB,FBi,,3,96,49,34,12,0.24,1.15
7/26/22,Outside,FB,FBo,,1,1,64,45,16,0.25,1.42
7/26/22,Outside,FB,FBo,,1,2,49,48,14,0.29,5.13
7/26/22,Outside,FB,FBo,,1,3,38,36,11,0.29,3.26
7/26/22,Outside,FB,FBo,,1,4,59,44,15,0.25,1.66
7/26/22,Outside,FB,FBo,,1,5,42,35,10,0.24,2.69
7/26/22,Outside,FB,FBo,,1,6,56,42,14,0.25,1.75
7/26/22,Outside,FB,FBo,,1,7,75,50,18,0.24,1.71
7/26/22,Outside,FB,FBo,,1,8,59,41,12,0.20,2.90
7/26/22,Outside,FB,FBo,,1,9,46,35,10,0.22,2.48
7/26/22,Outside,FB,FBo,,1,10,59,39,14,0.24,1.40
7/26/22,Outside,FB,FBo,,1,11,30,23,8,0.27,0.82
7/26/22,Outside,FB,FBo,,1,12,53,36,10,0.19,3.08
7/26/22,Outside,FB,FBo,,1,13,30,24,7,0.23,1.66
7/26/22,Outside,FB,FBo,,1,14,60,45,17,0.28,1.02
7/26/22,Outside,FB,FBo,,1,15,57,40,13,0.23,1.93
7/26/22,Outside,FB,FBo,,1,16,58,45,16,0.28,1.50
7/26/22,Outside,FB,FBo,,1,17,53,37,13,0.25,1.26
7/26/22,Outside,FB,FBo,,1,18,52,38,11,0.21,2.62
7/26/22,Outside,FB,FBo,,1,19,44,33,11,0.25,1.38
7/26/22,Outside,FB,FBo,,1,20,37,29,6,0.16,4.07
7/26/22,Outside,FB,FBo,,1,21,41,32,11,0.27,1.24
7/26/22,Outside,FB,FBo,,1,22,42,35,11,0.26,2.10
7/26/22,Outside,FB,FBo,,1,23,58,44,18,0.31,0.67
7/26/22,Outside,FB,FBo,,1,24,56,37,11,0.20,2.78
7/26/22,Outside,FB,FBo,,1,25,48,37,12,0.25,1.75
7/26/22,Outside,FB,FBo,,1,26,60,41,15,0.25,1.18
7/26/22,Outside,FB,FBo,,1,27,50,36,14,0.28,0.64
7/26/22,Outside,FB,FBo,,1,28,55,36,14,0.25,0.85
7/26/22,Outside,FB,FBo,,1,29,57,39,15,0.26,0.81
7/26/22,Outside,FB,FBo,,1,30,55,44,14,0.25,2.35
7/26/22,Outside,FB,FBo,,1,31,47,37,12,0.26,1.80
7/26/22,Outside,FB,FBo,,1,32,54,36,16,0.30,0.19
7/26/22,Outside,FB,FBo,,2,33,52,38,12,0.23,1.96
7/26/22,Outside,FB,FBo,,2,34,60,44,16,0.27,1.20
7/26/22,Outside,FB,FBo,,2,35,60,42,14,0.23,1.83
7/26/22,Outside,FB,FBo,,2,36,49,39,13,0.27,1.76
7/26/22,Outside,FB,FBo,,2,37,45,37,10,0.22,3.18
7/26/22,Outside,FB,FBo,,2,38,57,39,15,0.26,0.81
7/26/22,Outside,FB,FBo,,2,39,72,42,16,0.22,2.28
7/26/22,Outside,FB,FBo,,2,40,57,43,16,0.28,1.08
7/26/22,Outside,FB,FBo,,2,41,57,43,15,0.26,1.48
7/26/22,Outside,FB,FBo,,2,42,39,30,11,0.28,0.85
7/26/22,Outside,FB,FBo,,2,43,54,42,21,0.39,0.69
7/26/22,Outside,FB,FBo,,2,44,46,33,12,0.26,0.90
7/26/22,Outside,FB,FBo,,2,45,69,42,15,0.22,2.29
7/26/22,Outside,FB,FBo,,2,46,52,44,15,0.29,2.21
7/26/22,Outside,FB,FBo,,2,47,52,38,11,0.21,2.62
7/26/22,Outside,FB,FBo,,2,48,37,25,10,0.27,0.40
7/26/22,Outside,FB,FBo,,2,49,62,45,15,0.24,1.88
7/26/22,Outside,FB,FBo,,2,50,68,43,18,0.26,0.76
7/26/22,Outside,FB,FBo,,2,51,44,30,9,0.20,2.04
7/26/22,Outside,FB,FBo,,2,52,58,40,14,0.24,1.43
7/26/22,Outside,FB,FBo,,2,53,64,44,14,0.22,2.39
7/26/22,Outside,FB,FBo,,2,54,41,35,11,0.27,2.23
7/26/22,Outside,FB,FBo,,2,55,66,49,16,0.24,2.21
7/26/22,Outside,FB,FBo,,2,56,35,27,10,0.29,0.74
7/26/22,Outside,FB,FBo,,2,57,62,41,17,0.27,0.54
7/26/22,Outside,FB,FBo,,2,58,41,35,11,0.27,2.23
7/26/22,Outside,FB,FBo,,2,59,59,40,14,0.24,1.50
7/26/22,Outside,FB,FBo,,2,60,54,32,15,0.28,0.52
7/26/22,Outside,FB,FBo,,2,61,44,34,13,0.30,0.80
7/26/22,Outside,FB,FBo,,2,62,52,40,15,0.29,1.02
7/26/22,Outside,FB,FBo,,2,63,59,46,15,0.25,2.17
7/26/22,Outside,FB,FBo,,2,64,56,38,14,0.25,1.07
7/26/22,Outside,FB,FBo,,3,65,64,46,17,0.27,1.14
7/26/22,Outside,FB,FBo,,3,66,48,36,14,0.29,0.69
7/26/22,Outside,FB,FBo,,3,67,61,43,21,0.34,0.08
7/26/22,Outside,FB,FBo,,3,68,41,32,18,0.44,1.07
7/26/22,Outside,FB,FBo,,3,69,48,38,12,0.25,2.04
7/26/22,Outside,FB,FBo,,3,70,60,40,13,0.22,2.17
7/26/22,Outside,FB,FBo,,3,71,59,41,14,0.24,1.62
7/26/22,Outside,FB,FBo,,3,72,43,33,11,0.26,1.40
7/26/22,Outside,FB,FBo,,3,73,49,32,12,0.24,0.96
7/26/22,Outside,FB,FBo,,3,74,62,50,15,0.24,3.22
7/26/22,Outside,FB,FBo,,3,75,45,32,9,0.20,2.47
7/26/22,Outside,FB,FBo,,3,76,48,36,12,0.25,1.50
7/26/22,Outside,FB,FBo,,3,77,72,44,14,0.19,3.48
7/26/22,Outside,FB,FBo,,3,78,40,32,10,0.25,1.80
7/26/22,Outside,FB,FBo,,3,79,59,39,15,0.25,0.94
7/26/22,Outside,FB,FBo,,3,80,40,30,9,0.23,1.84
7/26/22,Outside,FB,FBo,,3,81,68,43,13,0.19,3.49
7/26/22,Outside,FB,FBo,,3,82,55,37,14,0.25,0.92
7/26/22,Outside,FB,FBo,,3,83,55,46,15,0.27,2.52
7/26/22,Outside,FB,FBo,,3,84,55,43,16,0.29,1.20
7/26/22,Outside,FB,FBo,,3,85,50,43,10,0.20,5.22
7/26/22,Outside,FB,FBo,,3,86,52,35,17,0.33,0.01
7/26/22,Outside,FB,FBo,,3,87,52,45,12,0.23,4.28
7/26/22,Outside,FB,FBo,,3,88,53,40,11,0.21,3.15
7/26/22,Outside,FB,FBo,,3,89,58,41,13,0.22,2.15
7/26/22,Outside,FB,FBo,,3,90,44,32,12,0.27,0.73
7/26/22,Outside,FB,FBo,,3,91,46,37,13,0.28,1.43
7/26/22,Outside,FB,FBo,,3,92,49,40,13,0.27,2.08
7/26/22,Outside,FB,FBo,,3,93,39,37,14,0.36,2.50
7/26/22,Outside,FB,FBo,,3,94,47,37,14,0.30,0.99
7/26/22,Outside,FB,FBo,,3,95,68,47,15,0.22,2.50
7/26/22,Outside,FB,FBo,,3,96,47,34,13,0.28,0.68
7/26/22,Inside,FC,FCi,1,A,1,51,40,14,0.27,1.46
7/26/22,Inside,FC,FCi,1,A,2,44,30,13,0.30,0.20
7/26/22,Inside,FC,FCi,1,A,3,70,42,16,0.23,1.91
7/26/22,Inside,FC,FCi,1,A,4,57,37,15,0.26,0.68
7/26/22,Inside,FC,FCi,1,A,5,48,35,12,0.25,1.28
7/26/22,Inside,FC,FCi,1,A,6,61,41,16,0.26,0.82
7/26/22,Inside,FC,FCi,1,A,7,63,36,16,0.25,1.19
7/26/22,Inside,FC,FCi,1,A,8,33,23,8,0.24,0.83
7/26/22,Inside,FC,FCi,1,B,9,52,47,17,0.33,2.70
7/26/22,Inside,FC,FCi,1,B,10,49,34,14,0.29,0.38
7/26/22,Inside,FC,FCi,1,B,11,60,43,16,0.27,1.03
7/26/22,Inside,FC,FCi,1,B,12,63,40,17,0.27,0.60
7/26/22,Inside,FC,FCi,1,B,13,44,39,11,0.25,3.46
7/26/22,Inside,FC,FCi,1,B,14,57,38,17,0.30,0.18
7/26/22,Inside,FC,FCi,1,B,15,56,37,13,0.23,1.48
7/26/22,Inside,FC,FCi,1,B,16,54,37,12,0.22,1.88
7/26/22,Inside,FC,FCi,1,C,17,60,37,15,0.25,1.01
7/26/22,Inside,FC,FCi,1,C,18,61,44,16,0.26,1.20
7/26/22,Inside,FC,FCi,1,C,19,41,33,10,0.24,2.06
7/26/22,Inside,FC,FCi,1,C,20,52,34,12,0.23,1.39
7/26/22,Inside,FC,FCi,1,C,21,55,37,14,0.25,0.92
7/26/22,Inside,FC,FCi,1,C,22,53,36,13,0.25,1.14
7/26/22,Inside,FC,FCi,1,C,23,51,37,13,0.25,1.21
7/26/22,Inside,FC,FCi,1,C,24,64,44,18,0.28,0.54
7/26/22,Inside,FC,FCi,1,D,25,70,50,19,0.27,1.04
7/26/22,Inside,FC,FCi,1,D,26,46,37,13,0.28,1.43
7/26/22,Inside,FC,FCi,1,D,27,76,46,20,0.26,0.96
7/26/22,Inside,FC,FCi,1,D,28,64,47,17,0.27,1.32
7/26/22,Inside,FC,FCi,1,D,29,70,46,16,0.23,1.97
7/26/22,Inside,FC,FCi,1,D,30,68,46,14,0.21,3.03
7/26/22,Inside,FC,FCi,1,D,31,57,38,14,0.25,1.15
7/26/22,Inside,FC,FCi,1,D,32,52,37,11,0.21,2.41
7/26/22,Inside,FC,FCi,2,A,33,54,40,13,0.24,1.84
7/26/22,Inside,FC,FCi,2,A,34,55,40,16,0.29,0.59
7/26/22,Inside,FC,FCi,2,A,35,48,38,12,0.25,2.04
7/26/22,Inside,FC,FCi,2,A,36,70,42,18,0.26,1.05
7/26/22,Inside,FC,FCi,2,A,37,54,35,13,0.24,1.15
7/26/22,Inside,FC,FCi,2,A,38,53,43,13,0.25,2.73
7/26/22,Inside,FC,FCi,2,A,39,65,44,15,0.23,1.87
7/26/22,Inside,FC,FCi,2,A,40,59,38,16,0.27,0.54
7/26/22,Inside,FC,FCi,2,B,41,60,44,14,0.23,2.20
7/26/22,Inside,FC,FCi,2,B,42,45,27,9,0.20,2.00
7/26/22,Inside,FC,FCi,2,B,43,64,42,17,0.27,0.72
7/26/22,Inside,FC,FCi,2,B,44,54,37,13,0.24,1.32
7/26/22,Inside,FC,FCi,2,B,45,42,34,14,0.33,0.80
7/26/22,Inside,FC,FCi,2,B,46,38,31,9,0.24,2.22
7/26/22,Inside,FC,FCi,2,B,47,45,38,15,0.33,1.31
7/26/22,Inside,FC,FCi,2,B,48,61,42,15,0.25,1.36
7/26/22,Inside,FC,FCi,2,C,49,45,35,10,0.22,2.50
7/26/22,Inside,FC,FCi,2,C,50,38,31,9,0.24,2.22
7/26/22,Inside,FC,FCi,2,C,51,50,32,13,0.26,0.64
7/26/22,Inside,FC,FCi,2,C,52,71,57,17,0.24,3.71
7/26/22,Inside,FC,FCi,2,C,53,45,31,12,0.27,0.60
7/26/22,Inside,FC,FCi,2,C,54,52,36,9,0.17,3.85
7/26/22,Inside,FC,FCi,2,C,55,71,41,13,0.18,4.11
7/26/22,Inside,FC,FCi,2,C,56,37,32,10,0.27,2.14
7/26/22,Inside,FC,FCi,2,D,57,69,50,21,0.30,0.49
7/26/22,Inside,FC,FCi,2,D,58,41,32,10,0.24,1.75
7/26/22,Inside,FC,FCi,2,D,59,54,43,15,0.28,1.65
7/26/22,Inside,FC,FCi,2,D,60,79,51,19,0.24,1.68
7/26/22,Inside,FC,FCi,2,D,61,61,48,15,0.25,2.65
7/26/22,Inside,FC,FCi,2,D,62,53,38,12,0.23,1.99
7/26/22,Inside,FC,FCi,2,D,63,45,42,13,0.29,3.56
7/26/22,Inside,FC,FCi,2,D,64,52,38,15,0.29,0.62
7/26/22,Inside,FC,FCi,3,A,65,65,46,15,0.23,2.16
7/26/22,Inside,FC,FCi,3,A,66,58,39,15,0.26,0.87
7/26/22,Inside,FC,FCi,3,A,67,68,47,18,0.26,0.98
7/26/22,Inside,FC,FCi,3,A,68,65,40,18,0.28,0.53
7/26/22,Inside,FC,FCi,3,A,69,43,32,12,0.28,0.75
7/26/22,Inside,FC,FCi,3,A,70,57,38,17,0.30,0.18
7/26/22,Inside,FC,FCi,3,A,71,50,37,12,0.24,1.72
7/26/22,Inside,FC,FCi,3,A,72,60,50,18,0.30,2.03
7/26/22,Inside,FC,FCi,3,B,73,55,35,23,0.42,1.15
7/26/22,Inside,FC,FCi,3,B,74,50,35,11,0.22,1.93
7/26/22,Inside,FC,FCi,3,B,75,75,54,19,0.25,1.76
7/26/22,Inside,FC,FCi,3,B,76,55,39,13,0.24,1.66
7/26/22,Inside,FC,FCi,3,B,77,58,47,16,0.28,2.07
7/26/22,Inside,FC,FCi,3,B,78,52,42,16,0.31,1.24
7/26/22,Inside,FC,FCi,3,B,79,58,46,18,0.31,1.11
7/26/22,Inside,FC,FCi,3,B,80,42,36,12,0.29,2.00
7/26/22,Inside,FC,FCi,3,C,81,41,30,12,0.29,0.45
7/26/22,Inside,FC,FCi,3,C,82,50,38,11,0.22,2.60
7/26/22,Inside,FC,FCi,3,C,83,62,41,18,0.29,0.28
7/26/22,Inside,FC,FCi,3,C,84,43,33,9,0.21,2.66
7/26/22,Inside,FC,FCi,3,C,85,46,32,8,0.17,3.40
7/26/22,Inside,FC,FCi,3,C,86,64,33,14,0.22,2.83
7/26/22,Inside,FC,FCi,3,C,87,46,34,8,0.17,3.86
7/26/22,Inside,FC,FCi,3,C,88,70,40,16,0.23,2.06
7/26/22,Inside,FC,FCi,3,D,89,48,35,13,0.27,0.84
7/26/22,Inside,FC,FCi,3,D,90,71,52,21,0.30,0.72
7/26/22,Inside,FC,FCi,3,D,91,42,39,10,0.24,4.51
7/26/22,Inside,FC,FCi,3,D,92,65,39,14,0.22,2.25
7/26/22,Inside,FC,FCi,3,D,93,53,36,15,0.28,0.38
7/26/22,Inside,FC,FCi,3,D,94,47,35,11,0.23,1.83
7/26/22,Inside,FC,FCi,3,D,95,46,32,11,0.24,1.22
7/26/22,Inside,FC,FCi,3,D,96,57,47,16,0.28,2.18
7/26/22,Outside,FC,FCo,1,A,1,56,43,15,0.27,1.52
7/26/22,Outside,FC,FCo,1,A,2,69,46,18,0.26,0.94
7/26/22,Outside,FC,FCo,1,A,3,63,42,17,0.27,0.66
7/26/22,Outside,FC,FCo,1,A,4,49,38,12,0.24,1.99
7/26/22,Outside,FC,FCo,1,A,5,56,40,17,0.30,0.33
7/26/22,Outside,FC,FCo,1,A,6,53,44,12,0.23,3.75
7/26/22,Outside,FC,FCo,1,A,7,65,40,16,0.25,1.20
7/26/22,Outside,FC,FCo,1,A,8,41,33,11,0.27,1.53
7/26/22,Outside,FC,FCo,1,B,9,68,45,17,0.25,1.21
7/26/22,Outside,FC,FCo,1,B,10,46,35,11,0.24,1.84
7/26/22,Outside,FC,FCo,1,B,11,56,39,14,0.25,1.19
7/26/22,Outside,FC,FCo,1,B,12,58,36,13,0.22,1.69
7/26/22,Outside,FC,FCo,1,B,13,51,32,11,0.22,1.74
7/26/22,Outside,FC,FCo,1,B,14,40,31,12,0.30,0.70
7/26/22,Outside,FC,FCo,1,B,15,44,37,12,0.27,2.09
7/26/22,Outside,FC,FCo,1,B,16,61,43,14,0.23,2.04
7/26/22,Outside,FC,FCo,1,C,17,39,35,11,0.28,2.56
7/26/22,Outside,FC,FCo,1,C,18,46,40,11,0.24,3.60
7/26/22,Outside,FC,FCo,1,C,19,40,26,12,0.30,0.10
7/26/22,Outside,FC,FCo,1,C,20,40,33,10,0.25,2.14
7/26/22,Outside,FC,FCo,1,C,21,51,33,12,0.24,1.22
7/26/22,Outside,FC,FCo,1,C,22,28,18,5,0.18,1.75
7/26/22,Outside,FC,FCo,1,C,23,56,42,14,0.25,1.75
7/26/22,Outside,FC,FCo,1,C,24,51,37,13,0.25,1.21
7/26/22,Outside,FC,FCo,1,D,25,55,48,14,0.25,3.84
7/26/22,Outside,FC,FCo,1,D,26,68,45,16,0.24,1.69
7/26/22,Outside,FC,FCo,1,D,27,82,45,15,0.18,4.99
7/26/22,Outside,FC,FCo,1,D,28,58,43,13,0.22,2.57
7/26/22,Outside,FC,FCo,1,D,29,64,41,16,0.25,1.07
7/26/22,Outside,FC,FCo,1,D,30,64,35,14,0.22,2.42
7/26/22,Outside,FC,FCo,1,D,31,63,50,19,0.30,1.36
7/26/22,Outside,FC,FCo,1,D,32,56,37,15,0.27,0.60
7/26/22,Outside,FC,FCo,2,A,33,37,23,10,0.27,0.36
7/26/22,Outside,FC,FCo,2,A,34,59,40,15,0.25,1.02
7/26/22,Outside,FC,FCo,2,A,35,40,32,9,0.23,2.43
7/26/22,Outside,FC,FCo,2,A,36,58,40,16,0.28,0.60
7/26/22,Outside,FC,FCo,2,A,37,62,50,19,0.31,1.47
7/26/22,Outside,FC,FCo,2,A,38,59,44,12,0.20,3.56
7/26/22,Outside,FC,FCo,2,A,39,55,41,13,0.24,2.07
7/26/22,Outside,FC,FCo,2,A,40,47,40,13,0.28,2.32
7/26/22,Outside,FC,FCo,2,B,41,36,32,10,0.28,2.31
7/26/22,Outside,FC,FCo,2,B,42,45,32,10,0.22,1.76
7/26/22,Outside,FC,FCo,2,B,43,51,41,13,0.25,2.23
7/26/22,Outside,FC,FCo,2,B,44,63,49,14,0.22,3.50
7/26/22,Outside,FC,FCo,2,B,45,60,40,15,0.25,1.09
7/26/22,Outside,FC,FCo,2,B,46,50,43,14,0.28,2.56
7/26/22,Outside,FC,FCo,2,B,47,55,45,14,0.25,2.68
7/26/22,Outside,FC,FCo,2,B,48,45,38,11,0.24,2.89
7/26/22,Outside,FC,FCo,2,C,49,70,47,13,0.19,4.16
7/26/22,Outside,FC,FCo,2,C,50,68,48,17,0.25,1.54
7/26/22,Outside,FC,FCo,2,C,51,45,31,13,0.29,0.29
7/26/22,Outside,FC,FCo,2,C,52,46,38,12,0.26,2.21
7/26/22,Outside,FC,FCo,2,C,53,70,45,14,0.20,3.18
7/26/22,Outside,FC,FCo,2,C,54,40,29,13,0.33,0.16
7/26/22,Outside,FC,FCo,2,C,55,58,42,17,0.29,0.56
7/26/22,Outside,FC,FCo,2,C,56,63,45,13,0.21,3.19
7/26/22,Outside,FC,FCo,2,D,57,55,43,14,0.25,2.04
7/26/22,Outside,FC,FCo,2,D,58,53,40,14,0.26,1.36
7/26/22,Outside,FC,FCo,2,D,59,61,35,18,0.30,0.57
7/26/22,Outside,FC,FCo,2,D,60,72,50,20,0.28,0.73
7/26/22,Outside,FC,FCo,2,D,61,58,41,19,0.33,0.11
7/26/22,Outside,FC,FCo,2,D,62,55,37,11,0.20,2.66
7/26/22,Outside,FC,FCo,2,D,63,40,31,11,0.28,1.04
7/26/22,Outside,FC,FCo,2,D,64,56,41,13,0.23,2.08
7/26/22,Outside,FC,FCo,3,A,65,45,34,12,0.27,1.11
7/26/22,Outside,FC,FCo,3,A,66,54,42,12,0.22,3.00
7/26/22,Outside,FC,FCo,3,A,67,57,46,14,0.25,2.85
7/26/22,Outside,FC,FCo,3,A,68,43,31,11,0.26,0.96
7/26/22,Outside,FC,FCo,3,A,69,50,39,14,0.28,1.26
7/26/22,Outside,FC,FCo,3,A,70,42,34,11,0.26,1.76
7/26/22,Outside,FC,FCo,3,A,71,40,35,11,0.28,2.38
7/26/22,Outside,FC,FCo,3,A,72,36,36,12,0.33,3.43
7/26/22,Outside,FC,FCo,3,B,73,60,42,14,0.23,1.83
7/26/22,Outside,FC,FCo,3,B,74,69,48,17,0.25,1.58
7/26/22,Outside,FC,FCo,3,B,75,49,39,16,0.33,0.82
7/26/22,Outside,FC,FCo,3,B,76,49,42,13,0.27,2.81
7/26/22,Outside,FC,FCo,3,B,77,56,39,17,0.30,0.22
7/26/22,Outside,FC,FCo,3,B,78,51,32,11,0.22,1.74
7/26/22,Outside,FC,FCo,3,B,79,56,35,13,0.23,1.39
7/26/22,Outside,FC,FCo,3,B,80,43,37,11,0.26,2.75
7/26/22,Outside,FC,FCo,3,C,81,42,35,11,0.26,2.10
7/26/22,Outside,FC,FCo,3,C,82,59,44,15,0.25,1.66
7/26/22,Outside,FC,FCo,3,C,83,41,30,10,0.24,1.25
7/26/22,Outside,FC,FCo,3,C,84,45,36,10,0.22,2.82
7/26/22,Outside,FC,FCo,3,C,85,36,32,13,0.36,1.44
7/26/22,Outside,FC,FCo,3,C,86,45,35,11,0.24,1.87
7/26/22,Outside,FC,FCo,3,C,87,47,40,12,0.26,2.84
7/26/22,Outside,FC,FCo,3,C,88,40,29,10,0.25,1.04
7/26/22,Outside,FC,FCo,3,D,89,46,31,14,0.30,0.11
7/26/22,Outside,FC,FCo,3,D,90,42,32,13,0.31,0.52
7/26/22,Outside,FC,FCo,3,D,91,53,39,13,0.25,1.62
7/26/22,Outside,FC,FCo,3,D,92,50,37,11,0.22,2.34
7/26/22,Outside,FC,FCo,3,D,93,43,30,10,0.23,1.31
7/26/22,Outside,FC,FCo,3,D,94,55,42,13,0.24,2.33
7/26/22,Outside,FC,FCo,3,D,95,53,42,16,0.30,1.13
7/26/22,Outside,FC,FCo,3,D,96,47,35,14,0.30,0.55